trillium_agency_name,mills_name,is_mills_act,ctsa_agency_name,is_provider,website_link,digital_app,cross_elibility,payment_methods,update_info_contact,update_info_elibility,link_to_screenshot,call_attestation,notes
,,,,(is this a provider of paratransit services - flag) ,,Does the provider accept digital applications for service eligibility enrollment?,Does the paratransit service provider advertise on its website cross-eligibility of services with other paratransit agencies statewide?,What payment methods does the provider accept for rides?,Does the provider offer a way for riders to update the following personal details: -Contact Info,Does the provider offer a way for riders to update the following personal details: -Eligibility Assessment,a link to the screenshot (in google drive) for websites visited,"a note on who you called, what date, when you had to call a provider",(any additional notes you might have
Maywood Dial-A-Ride,,FALSE,,TRUE,https://www.cityofmaywood.com/dial-a-ride,no_online_app,FALSE,none_fare_free,FALSE,FALSE,https://drive.google.com/file/d/1n3IKgoNrPq8DrBYJlDPPrfTFunTWfsTL/view,,"free to those who are enrolled in, qualify for the program, and present a city issued ID card. Otherwise, they charge $1 which must be given to driver in cash only"
Whittier Dial-A-Ride,,FALSE,,TRUE,https://www.whittierprcs.org/transit/dial-a-ride-and-dar-plus,no_online_app,TRUE,other,FALSE,FALSE,https://drive.google.com/file/d/1_dCxJ-vCu5TPlfVtG1iN9sbBePgdyPl8/view,,other=a prepaid card that is purchased in-person
Inglewood,,FALSE,,TRUE,https://www.cityofinglewood.org/796/Transportation,no_online_app,FALSE,cash_check,FALSE,FALSE,https://drive.google.com/file/d/1OzqQU0S5NZkXYQsZpZXpVoGG7xGlnB4R/view?usp=sharing,Called on 2/11/2021 and spoke to someone in the transportation department. Had to call to ask about fares.,Checks and money order only accepted for monthly passes.
Monrovia Transit Dial-A-Ride,,FALSE,,TRUE,https://www.cityofmonrovia.org/your-government/public-works/transportation/monrovia-transit,PDF_form,FALSE,cash,FALSE,FALSE,https://drive.google.com/file/d/1Mesq1gRMTI1rns2IWeA9opSM0lBB_GQN/view,,
Azusa Transit,,FALSE,,TRUE,https://ca-azusa2.civicplus.com/329/Azusa-Transit,PDF_form,FALSE,cash,FALSE,FALSE,https://drive.google.com/file/d/1_dCxJ-vCu5TPlfVtG1iN9sbBePgdyPl8/view,,
South Pasadena Dial-A-Ride,,FALSE,,TRUE,https://www.southpasadenaca.gov/government/departments/community-services/dial-a-ride,PDF_form,FALSE,cash,FALSE,FALSE,https://drive.google.com/file/d/1I-hEvJjIh66_ds-GUEUI6LktZ2GLL-LA/view?usp=sharing,,also accept prepaid cards along with cash
Pico Rivera Dial-A-Ride,,FALSE,,TRUE,http://www.pico-rivera.org/residents/transport/subsidy.asp,no_online_app,FALSE,cash,FALSE,FALSE,https://drive.google.com/file/d/1mNIEFFXzIQ4z3HcmY4DRvlVsS-paWwTR/view?usp=sharing,,
Santa Fe Springs Transit,,FALSE,,TRUE,https://www.santafesprings.org/cityhall/transportation_services/default.asp,no_online_app,FALSE,none_fare_free,FALSE,FALSE,https://drive.google.com/file/d/1WEDJVqm2B1kK-JI02q40KXaRYr9Y4QV0/view?usp=sharing,,
Artesia Express Dial-A-Ride,,FALSE,,TRUE,"https://www.cityofartesia.us/189/Transportation#:~:text=Artesia%20Express%20%22Dial%2DA%2DRide%20Service%22&text=For%20Dial%2DA%2DRide%20service,call%20800%2D909%2DRIDE.",no_online_app,FALSE,none_fare_free,FALSE,FALSE,https://drive.google.com/file/d/14dU-bMlqlpsRqCc_4vcc7saMrgT0G_2g/view?usp=sharing,,
Malibu Dial-A-Ride,,FALSE,,TRUE,https://www.malibucity.org/343/Senior-Center,no_online_app,FALSE,cash,FALSE,FALSE,https://drive.google.com/file/d/149BK-zlieFwsN3CdN_KGWiTp-ESvDdVT/view?usp=sharing,,
Diamond Bar Transportation,,FALSE,,TRUE,https://www.diamondbarca.gov/490/Diamond-Ride,standard_web_based_form,FALSE,cash,FALSE,FALSE,https://drive.google.com/file/d/1X2GcCXGFv-qnLz3RQAaR1Mtr0EffUGFL/view?usp=sharing,,
Hawaiian Gardens Public Transportation,,FALSE,,TRUE,https://www.hgcity.org/government/departments/recreation-and-community-services/transportation-services,PDF_form,FALSE,none_fare_free,FALSE,FALSE,https://drive.google.com/file/d/12Uh0TMqoEidLwOsGXQFlf8EONW-4Pubq/view?usp=sharing,Called on 2/11/2021 and spoke with someone at the transportation department. Had to call to ask about fares.,
Hawthorne Dial-a-Ride Transportation,,FALSE,,TRUE,https://www.cityofhawthorne.org/senior-activities/,no_online_app,FALSE,other,FALSE,FALSE,https://drive.google.com/file/d/1UUMJWFcgVbKZ1M20qaMJybfiDOHCYZ_7/view?usp=sharing,,other= individual tokens (one token=one ride) that are only able to be purchased in person
La Canada Flintridge Shuttle & Dial-a-Ride,,FALSE,,TRUE,https://cityoflcf.org/live-well/transportation/,PDF_form,FALSE,none_fare_free,FALSE,FALSE,https://drive.google.com/file/d/1k_Fqsk4FLx93BlZczVsE8JDSMhZ0nIWA/view?usp=sharing,,
La Habra Heights Dial-a-Ride,,FALSE,,TRUE,https://www.lhhcity.org/196/Transportation,PDF_form,FALSE,cash_check,FALSE,FALSE,https://drive.google.com/file/d/1USPBbu8HlxVPhk4ZU7v3AThbh6vLsGX_/view,,Drivers only accept prepaid cards that can be purchased in person or through the mail
Signal Hill Dial-a-Taxi,,FALSE,,TRUE,https://www.cityofsignalhill.org/147/Transportation-Programs,PDF_form,FALSE,cash,FALSE,FALSE,https://drive.google.com/file/d/1kT7mqud0KjwI57FIJaseOlSG6P0vkndY/view?usp=sharing,,Cash can also be used to buy ticket book/vouchers 
South El Monte Senior Transportation,,FALSE,,TRUE,https://www.cityofsouthelmonte.org/278/Transportation-Services,PDF_form,FALSE,none_fare_free,FALSE,FALSE,https://drive.google.com/file/d/1wZ2zLnpeYcFEEvcumnAe2VmTITnwWUVG/view?usp=sharing,,
Walnut Way Dial-a-Cab,,FALSE,,TRUE,https://www.cityofwalnut.org/for-residents/community-resources/transportation/dial-a-cab,no_online_app,FALSE,cash,FALSE,FALSE,https://drive.google.com/file/d/195g5I9vQ4oveC31WwhpsPcVwYrTDUnsh/view?usp=sharing,,
Cypress Transit,,FALSE,,TRUE,https://www.cypressca.org/activities/senior-center/transportation,no_online_app,FALSE,other,FALSE,FALSE,https://drive.google.com/file/d/1spw6AvGf1abQVxb4o6boAuRMZ-nYQ5lt/view?usp=sharing,,other=taxi vouchers 
Laguna Woods Senior Mobility Program,,FALSE,,TRUE,"https://www.cityoflagunawoods.org/our-services/senior-mobility-services/#:~:text=The%20Senior%20Mobility%20Program%20subsidizes,least%2060%20years%20of%20age.&text=All%20Senior%20Mobility%20Program%20transportation,(949)%20639%2D0500.",no_online_app,FALSE,other,FALSE,FALSE,https://drive.google.com/file/d/1DaDV8Q3i79CAYDYFy4Xnt_kFxHA3cRbo/view?usp=sharing,,other=taxi vouchers 
Fremont Paratransit Program,,FALSE,,TRUE,https://www.fremont.gov/366/Ride-On-Tri-City-Transportation-Services,PDF_form,TRUE,other,FALSE,FALSE,https://drive.google.com/file/d/1-IH4tGxJ7ijcIj_YrJN_6n3QqHvn3eBG/view?usp=sharing,,other=prepaid voucher that are purchased in person
Lake Forest Senior Transportation,,FALSE,,TRUE,https://www.lakeforestca.gov/173/Senior-Transportation,no_online_app,FALSE,cash,FALSE,FALSE,https://drive.google.com/file/d/1vr7F92eckYe_qKi-p3a9WqWt8c5T46xJ/view?usp=sharing,,
Newport Beach Friends of Oasis Senior Center,,FALSE,,TRUE,https://www.newportbeachca.gov/government/departments/recreation-senior-services/senior-services-oasis/oasis-covid-19-support/transportation,no_online_app,FALSE,cash_check_credit,FALSE,FALSE,https://drive.google.com/file/d/1rBJYT2Sol6y0-RP8HeNVUZYvJs8f0YB6/view?usp=sharing,Called on 2/11/2021 and spoke to a representative of OASIS transportation. Had to call to ask about fares,check/credit can only be used to buy passes
Placentia Senior Services,,FALSE,,TRUE,http://www.placentia.org/339/Senior-Center,no_online_app,FALSE,none_fare_free,FALSE,FALSE,https://drive.google.com/file/d/1W7SOVtUKhALBIrk_cv-56oQKq-cdxh72/view?usp=sharing ; https://drive.google.com/file/d/14GcQr2N0jtlrCgsgGXNw-h6MXn5fFFSK/view?usp=sharing,"Tried calling multiple times on 2/11/2021 to ask about service suspension, but the number for their transportation line seems to have been disconnected","The service only takes Seniors from their homes to the Senior Center and back. Program currently suspended, Senior Center closed due to COVID-19"
San Clemente Senior Transportation,,FALSE,,TRUE,https://www.san-clemente.org/department-services/social-services/senior-services,PDF_form,FALSE,none_fare_free,FALSE,FALSE,https://drive.google.com/file/d/1U7UkWAHy3yxZBAiW2Or76cFi_JfiFkGG/view?usp=sharing,,
Seal Beach Senior Bus Program,,FALSE,,TRUE,https://www.sealbeachca.gov/City-Services/Transportation-Services,no_online_app,FALSE,none_fare_free,FALSE,FALSE,https://drive.google.com/file/d/1n1ThSB6Q2_eTvPEVB3UxaDc3NGn70XRX/view?usp=sharing,,
Westminster on Wheels Senior Transportation Program,,FALSE,,TRUE,https://www.westminster-ca.gov/departments/community-services/senior-services/transportation-program,no_online_app,FALSE,none_fare_free,FALSE,FALSE,https://drive.google.com/file/d/18pNB_hIU6stuUK9x9A5uU_1hp5hb30Wo/view?usp=sharing,Called on 2/11/2021 and spoke to a representative of the senior center. Had to call to find out about fares. ,
Access Services,Access Services for Los Angeles County CTSA - Specialized Service,TRUE,"Access Services, Inc.",TRUE,https://accessla.org/riding_access/overview.html,PDF_form,TRUE,cash_check_credit,FALSE,FALSE,https://drive.google.com/file/d/1iSQuo6C3uZhZQRynSg_6dtTB0QVgWwN9/view?usp=sharing,,
,Alameda-Contra Costa Transit District,TRUE,,TRUE,https://www.actransit.org/paratransit,PDF_form,TRUE,cash_check_credit,FALSE,FALSE,https://drive.google.com/file/d/12o_TeQ6iOANUGbgxTJRvxyth-OqRJMFD/view?usp=sharing ; https://drive.google.com/file/d/1uafC0608zmoBCfENiF27dImuduxVa3cM/view?usp=sharing,,
,Albany - Specialized Service,TRUE,,TRUE,https://www.albanyca.org/services/transportation-services,standard_web_based_form,TRUE,none_fare_free,FALSE,FALSE,https://drive.google.com/file/d/1g0kLWjO4X5nY2jENF-x2ATVJSAdFvRZt/view?usp=sharing,,The application for this city specialized service is one consolidated application for all city non-ADA paratransit programs in Alameda county. 
,Alpine County,TRUE,Alpine County,TRUE,https://alpinecountyca.gov/159/Dial-A-Ride,no_online_app,FALSE,cash,FALSE,FALSE,https://drive.google.com/file/d/1lD1osD5BdJy4VF4rWUmrWcNukfwMF7pP/view?usp=sharing,,The dial-a-ride service is available to all Alpine county residents
,Antelope Valley Transit Authority,TRUE,,TRUE,https://www.avta.com/dial-a-ride.php,no_online_app,FALSE,cash,FALSE,FALSE,https://drive.google.com/file/d/16P8mgofSf9k6Fy8SZZgBms5xCXYp44QH/view?usp=sharing,,
,Arcadia,TRUE,,TRUE,https://www.arcadiaca.gov/shape/development_services_department/transportation_services/arcadia_transit.php,PDF_form,TRUE,cash,FALSE,FALSE,https://drive.google.com/file/d/1V12Nprn4RHaAIGC8_LIjawoU1xH0kqRY/view?usp=sharing,,
,Arvin,TRUE,,TRUE,https://arvin.org/200/Dial-A-Ride,PDF_form,FALSE,cash,FALSE,FALSE,https://drive.google.com/file/d/1Nh73XSQc88pw2HFFb6vSu8BTY2oaYE7t/view?usp=sharing,,
,Atascadero,TRUE,,TRUE,https://www.atascadero.org/index.php?option=com_content&view=article&id=633&Itemid=1536,no_online_app,FALSE,cash,FALSE,FALSE,https://drive.google.com/file/d/113oVrZhBreozXwK-OI_3Bo0XWspCn5kP/view?usp=sharing,,dial-a-ride service available for all city residents; seniors and people with disabilities receive a fare discount
,Banning - Specialized Service,TRUE,,TRUE,https://www.ci.banning.ca.us/356/Dial-A-Ride,no_online_app,FALSE,cash,FALSE,FALSE,https://drive.google.com/file/d/1hbYp4JylRfY7NFKuNAf5tuNgDnHRaG9S/view?usp=sharing,,can also pay for rides with prepaid passes that must be bought in person
,Beaumont,TRUE,,TRUE,https://beaumontca.gov/161/Dial-A-Ride,standard_web_based_form,TRUE,cash,FALSE,FALSE,https://drive.google.com/file/d/1wXy-aDaAkbVUbKWVdxglyBHiBUsY6Xn6/view?usp=sharing,,application process done through RTA (Riverside transit authority)
,Burbank - Specialized Service,TRUE,,TRUE,https://www.burbankbus.org/services/senior-disabled-services,PDF_form,TRUE,cash,FALSE,FALSE,https://drive.google.com/file/d/1d5e_XOokNCr03y1TUfqbvyhIK9BqHN48/view?usp=sharing,,
,Butte Regional Transit - Specialized Service,TRUE,Butte County,TRUE,http://www.blinetransit.com/Paratransit/Paratransit-Service-Area/index.html,PDF_form,TRUE,cash_check_credit,FALSE,FALSE,https://drive.google.com/file/d/1NhsQ06XQ9Mlg-GCHKhoMZruIHkAx5Jj_/view?usp=sharing,,"Cash/check/credit can be used to purchase tickets/passes in advance, only cash/prepaid ticket accepted on board"
,California City,TRUE,,TRUE,https://www.californiacity-ca.gov/CC/index.php/transportation,no_online_app,FALSE,cash,FALSE,FALSE,https://drive.google.com/file/d/1t543NJr36BIzYSEJRZ8PsYJA_LKIQYzg/view?usp=sharing,,Available for all city residents to use; seniors and people with disabilities receive a discounted fare
,Camarillo,TRUE,,TRUE,http://www.camarillotransit.com/home,no_online_app,FALSE,cash,FALSE,FALSE,https://drive.google.com/file/d/1UXivElqH6YbfTSfhzAB9TOrx7tRDKVUG/view?usp=sharing,,Available for all city residents to use; seniors and people with disabilities receive a discounted fare
,Central Contra Costa Transit Authority - Specialized Service,TRUE,,TRUE,https://countyconnection.com/paratransit/,PDF_form,TRUE,cash_check,FALSE,FALSE,https://drive.google.com/file/d/1_j0WsNCG5NgLSaHSfJOxXZ0lsn12MgCX/view?usp=sharing,,
,Ceres,TRUE,,FALSE,https://www.ci.ceres.ca.us/236/Ceres-Dial-A-Ride-CDAR,,FALSE,,FALSE,FALSE,https://drive.google.com/file/d/1Y1ElYBYnOz8lVKoVKSx581gN7ktkk22P/view?usp=sharing,,"""CDAR will become part of Modesto Area Dial-A-Ride (MADAR) beginning July 1, 2020. CDAR will no longer exist but all service it has been providing will be handled by MADAR"" MADAR is covered in line 109"
,Chowchilla,TRUE,,TRUE,https://cityofchowchilla.org/223/Chowchilla-Area-Transit-CATX,no_online_app,FALSE,cash,FALSE,FALSE,https://drive.google.com/file/d/19dp4S3Qj8Pxz6gZcHnM_OLvztCr_NCtR/view?usp=sharing,,Available for all city residents to use; seniors and people with disabilities receive a discounted fare
Claremont Dial-a-Ride,Claremont,TRUE,,TRUE,https://www.pvtrans.org/programs/claremont-dial-a-ride/,standard_web_based_form,FALSE,cash,FALSE,FALSE,https://drive.google.com/file/d/1JsK_yoo0bMHW8HmWNCKW5P-X4bajaqkw/view?usp=sharing,,
,Clovis - Specialized Service,TRUE,,TRUE,https://cityofclovis.com/general-services/transit/,PDF_form,FALSE,none_fare_free,FALSE,FALSE,https://drive.google.com/file/d/13s_pVu1fg_2JwGtGhGB0Qy7G2EqRM4UI/view?usp=sharing,,
,Colusa County,TRUE,Colusa County Transit Agency,TRUE,https://www.countyofcolusa.org/433/Transit-Information,no_online_app,FALSE,cash,FALSE,FALSE,https://drive.google.com/file/d/1Mlxb_1EkFti7-h9JUy8QS3dlNUzjF8Rk/view?usp=sharing,,
,Commerce - Specialized Service,TRUE,,TRUE,https://www.ci.commerce.ca.us/city-hall/transportation/dial-a-ride-service,PDF_form,FALSE,none_fare_free,TRUE,TRUE,https://drive.google.com/file/d/1XKqT3iWJgCBU11eLSEaw5mI4QOce_SSA/view?usp=sharing,,
,Corcoran,TRUE,,TRUE,https://www.cityofcorcoran.com/departments/public_works/transit/index.php,no_online_app,FALSE,cash,FALSE,FALSE,https://drive.google.com/file/d/1YEy-XWks8SOuhjTflKHFZjo0Qd8YoevY/view?usp=sharing,,
,Corona,TRUE,,TRUE,https://www.coronaca.gov/government/departments-divisions/public-works/public-transit/dial-a-ride,PDF_form,TRUE,cash,FALSE,FALSE,https://drive.google.com/file/d/1ISyVvOVYpqplQN4RyiojJazqvPFqVbt9/view?usp=sharing,,
,County Service Area 12 - Specialized Service,TRUE,,TRUE,https://www.area12.org/programs/transportation-4/,no_online_app,FALSE,none_fare_free,FALSE,FALSE,https://drive.google.com/file/d/1TLjCXKW8bUayuqkIyujrnzuZb0sVFkFb/view?usp=sharing,,
,Culver City - Specialized Service,TRUE,,TRUE,"https://www.culvercity.org/Services/Housing-Health-Human-Services/Adult-Senior-Services/Senior-Disabled-Transportation-Services#:~:text=Paratransit%20is%20a%20shared%2Dride,recommendations%2C%20and%2For%20complaints.",standard_web_based_form,TRUE,cash,FALSE,FALSE,https://drive.google.com/file/d/1jaK5vIaCQ___H8KAD93haXlGPRsfW7pZ/view?usp=sharing,,
,Delano,TRUE,,TRUE,https://www.cityofdelano.org/183/Delano-Area-Dial-A-Ride,PDF_form,TRUE,credit_card_bulk,FALSE,FALSE,https://drive.google.com/file/d/1z8ktbjOQGR59ukqwptkc4TiaFoZFPYcW/view?usp=sharing,,
,Dignity Health Connected Living - Specialized Service,TRUE,,TRUE,https://www.dignityhealth.org/north-state/locations/connected-living/services/transportation,no_online_app,FALSE,none_fare_free,FALSE,FALSE,https://drive.google.com/file/d/1zdTv1nOnnFIMWuJlVtvtpKCZl6vHV-W8/view?usp=sharing,Called on 2/11/2021 and spoke to Jami Brinson. Had to call to find out fares.,"Fare free right now, planning to implement some sort of fee in the future, but not sure what kind yet"
,Dinuba,TRUE,,TRUE,http://www.dinuba.org/services/public-services/public-transit,no_online_app,FALSE,cash,FALSE,FALSE,https://drive.google.com/file/d/1u6MES6FaKVa8dI6xbRm6H6Vcr4M4GUME/view?usp=sharing,,
,Dixon,TRUE,,TRUE,https://www.ci.dixon.ca.us/237/Readi-Ride,no_online_app,FALSE,cash,FALSE,FALSE,https://drive.google.com/file/d/12M5IYaNQ0Kp6lGTlHNW7WzFoh48Wa5hD/view?usp=sharing,,Available for all city residents to use; seniors and people with disabilities receive a discounted fare
,Downey - Specialized Service,TRUE,,TRUE,https://www.downeyca.org/our-city/departments/parks-recreation/transit/downey-dial-a-ride,PDF_form,FALSE,cash,FALSE,FALSE,https://drive.google.com/file/d/1cHFBbLNF-QS1yhJGKU_-YALmk2Qb1Twr/view?usp=sharing,,
,Eastern Contra Costa County Transit Authority,TRUE,,TRUE,https://trideltatransit.com/paratransit.aspx?filename=paraintro,PDF_form,TRUE,credit_card_bulk,FALSE,FALSE,https://drive.google.com/file/d/1eeFBl8tX1EIEzVukdUHyG-OJbHjKqVJv/view?usp=sharing,,Customers can also pay in cash upon boarding if they don't want to prepay for a stack of tickets ahead of time; this is Tri-Delta transits ADA paratransit program
,Eastern Contra Costa County Transit Authority - Specialized Service,TRUE,,TRUE,https://trideltatransit.com/paratransit.aspx?filename=paraintro,PDF_form,FALSE,credit_card_bulk,FALSE,FALSE,https://drive.google.com/file/d/1lVSGCfZpWKfKQoq_5Ntz47f3CfAeXSi9/view?usp=sharing,,Customers can also pay in cash upon boarding if they don't want to prepay for a stack of tickets ahead of time; this is the Tri-Delta transit Senior paratransit program (not required by ADA law)
,Eastern Sierra Transit Authority,TRUE,Eastern Sierra Transit Authority,TRUE,https://www.estransit.com/routes-schedule/dial-a-ride/,PDF_form,TRUE,credit_card_bulk,FALSE,FALSE,https://drive.google.com/file/d/19nkWC44BJmCI1sObF3wmCpFuBm0sYaFe/view?usp=sharing,,Customers can also pay in cash upon boarding if they don't wish to pay in advance
,"Easy Lift Transportation, Inc. CTSA - Specialized Service",TRUE,Easy Lift Transportation Inc.,TRUE,https://www.easylift.org/dial-a-ridecontract-services/,standard_web_based_form,TRUE,credit_card_bulk,FALSE,FALSE,https://drive.google.com/file/d/1fz29JlifukWbVM6I9CoIfKcROu5xajEw/view?usp=sharing,,
,El Dorado County Transit Authority,TRUE,El Dorado County Transit Authority,TRUE,https://eldoradotransit.com/dial-a-ride/ada-complementary-paratransit/,PDF_form,FALSE,credit_card_bulk,FALSE,FALSE,https://drive.google.com/file/d/1krYpZj7OtK_9pl26Po0-8QzmOPhMBoU7/view?usp=sharing,,Cash is also accepted 
,El Dorado County Dial-a-Ride,,,TRUE,https://eldoradotransit.com/dial-a-ride/general/,PDF_form,FALSE,credit_card_bulk,FALSE,FALSE,https://drive.google.com/file/d/1vaymOY2CBXSQrrtbwIc7FpTtV99rfls2/view?usp=sharing,,Cash is also accepted 
,Elk Grove - Specialized Service,TRUE,,TRUE,https://www.elkgrovecity.org/residents/transportation/transit_e-tran/paratransit_service,PDF_form,TRUE,credit_card_bulk,FALSE,FALSE,https://drive.google.com/file/d/1cnexrq99Ocere6gj2wxwn3qqXuVOazaz/view?usp=sharing,,Cash is also accepted (exact change only)
,Escalon,TRUE,,TRUE,http://escalon.hosted.civiclive.com/government/departments/transit_service,no_online_app,FALSE,credit_card_bulk,FALSE,FALSE,https://drive.google.com/file/d/1u4ztWFfntMIZs0z2sruARASCW7aJbGr1/view?usp=sharing,,Cash is also accepted
,Fairfield - Specialized Service,TRUE,,TRUE,https://fasttransit.org/services/dart-paratransit-disabled-services/,no_online_app,TRUE,credit_card_bulk,FALSE,FALSE,https://drive.google.com/file/d/1ZS7MwwAjkWTB75Rmzvsw-50HP49plYpW/view?usp=sharing,,Cash is also accepted
,Folsom - Specialized Service,TRUE,,TRUE,https://www.sacrt.com/apps/folsom/#Dial,no_online_app,FALSE,credit_card_bulk,FALSE,FALSE,https://drive.google.com/file/d/1GXjLjZhw8KNsr_hBDGG1_W0BahutPhxh/view?usp=sharing,,
,Fortuna - Specialized Service,TRUE,,TRUE,https://www.friendlyfortuna.com/departments/fortuna_transit.php,no_online_app,FALSE,cash,FALSE,FALSE,https://drive.google.com/file/d/1N5Xrfy4CMHbPxlJKzRouUTgfAOTHwOXP/view?usp=sharing,,
,Fresno - Specialized Service,TRUE,,TRUE,https://www.fresno.gov/transportation/fax/handy-ride/,PDF_form,TRUE,cash,FALSE,FALSE,https://drive.google.com/file/d/1jg8DkkMFk7mwyVhV-95-KBBd7sf7xu4E/view?usp=sharing,,Also have monthly passes available for purchase in-person
,Fresno County Economic Opportunities Commission - Specialized Service,TRUE,Fresno County EOC,TRUE,https://fresnoeoc.org/transit-systems/#passengers ; https://www.fresnocog.org/measure-c-taxi-scrip/,PDF_form,FALSE,cash_check_credit,FALSE,FALSE,https://drive.google.com/file/d/1vqJe_oagOI1ysFdeSZKfn596nry2m2lb/view?usp=sharing ; https://drive.google.com/file/d/10OmNvl0PhCqXOflKJ3uttEU78LiInvy9/view?usp=sharing,,"Senior Taxi Scrip program overseen by Fresno COG; can use cash/check/credit to order ""Scrip vouchers"" that are used for the service "
,Fresno County Rural Transit Agency,TRUE,Fresno County Rural Transit Agency,TRUE,https://www.ruraltransit.org/about/,no_online_app,FALSE,cash,FALSE,FALSE,https://drive.google.com/file/d/1d61x3w_jjj4z0m9SlBgZo263dB9tJuf6/view?usp=sharing,,
,Full Access and Coordinated Transportation CTSA - Specialized Service,TRUE,Full Access & Coordinated Transportation Inc.,TRUE,https://factsd.org/ridefact/,no_online_app,FALSE,cash,FALSE,FALSE,https://drive.google.com/file/d/1AhLsdVIzBQPsrZQ018-c0Oaj6DvVWzF5/view?usp=sharing,,"FACT service only for Seniors who don't have access to any of the other paratransit options in San Diego County. Staff will assist in helping a rider determine their access/eligibility for other services first, before qualifying them for RideFACT"
,Gardena - Specialized Service,TRUE,,TRUE,http://ridegtrans.com/routes-schedules/special-transit/,no_online_app,FALSE,cash,FALSE,FALSE,https://drive.google.com/file/d/1QlwCXKZea0oZ1mpcr8rkK5W2k4BGcQFn/view?usp=sharing,,"Tokens also available for purchase in-person, that can be used in place of cash"
,Glendale - Specialized Service,TRUE,,TRUE,https://www.glendaletransit.com/tools/dial-a-ride,standard_web_based_form,FALSE,cash,FALSE,FALSE,https://drive.google.com/file/d/11aXsiU5xRP1ArKDmrEWWEk4yUH864DNo/view?usp=sharing,,
,Glendora - Specialized Service,TRUE,,TRUE,https://www.cityofglendora.org/departments-services/transportation/dial-a-ride,PDF_form,FALSE,other,TRUE,FALSE,https://drive.google.com/file/d/1L-vipIblA57_uTt49ZVuA0CFhoJ8PuX9/view?usp=sharing,,TAP cards with stored value on them used to pay (cash is also an option) 
,Glenn Transit Service - Specialized Service,TRUE,Glenn Transit Service,TRUE,https://www.countyofglenn.net/dept/public-works/public-transit-transportation/welcome,no_online_app,FALSE,cash,FALSE,FALSE,https://drive.google.com/file/d/15pzRvS1LdXJziPiartSWb8-gLY9p6xB2/view?usp=sharing,,
,Gold Coast Transit District,TRUE,,TRUE,https://www.goldcoasttransit.org/paratransit,standard_web_based_form,TRUE,cash_check,FALSE,FALSE,https://drive.google.com/file/d/18WErDO4Df6IRiREFur3AMDz8oP6gC3iw/view?usp=sharing,,"Application for eligibility (which is only required for those with a disability), is done through Ventura County Transportation Commission (link to their application page included on GCTD website)"
,Golden Empire Transit District - Specialized Service,TRUE,,TRUE,https://www.getbus.org/get-a-lift/,PDF_form,FALSE,credit_card_bulk,FALSE,FALSE,https://drive.google.com/file/d/1Z0jJeZoehnB2JETGTVVw4A2wsI2P1vxT/view?usp=sharing,,Cash also accepted when boarding 
,Golden Gate Bridge Highway and Transportation District - Specialized Service,TRUE,,TRUE,https://www.goldengate.org/bus/accessibility/paratransit-services/,no_online_app,TRUE,cash,FALSE,FALSE,https://drive.google.com/file/d/1-cl79FIDpvX03tmcV2_cHuVYwrTqPUZU/view?usp=sharing,,
Gridley Golden Feather Flyer,Gridley - Specialized Service,TRUE,,TRUE,http://gridley.ca.us/government-and-departments/departments/bus-taxi-and-air-service/,no_online_app,FALSE,cash,FALSE,FALSE,https://drive.google.com/file/d/1jxfv7GTzALsgYAr3M04-APSuR9mLUq2w/view?usp=sharing,,
,Guadalupe - Specialized Service,TRUE,,TRUE,https://www.smoothinc.org/ada-service.php,PDF_form,TRUE,cash,FALSE,FALSE,https://drive.google.com/file/d/1uuPfQYSsOcy90Kwm-Ibw0Wd2ldvRxWaG/view?usp=sharing,,
,Hayward - Specialized Service,TRUE,,TRUE,https://www.hayward-ca.gov/residents/paratransit,PDF_form,TRUE,cash,FALSE,FALSE,https://drive.google.com/file/d/1Haz0uwtBKOXLKlWlNSxp9R3jdrdAAhj9/view?usp=sharing,,Supplements East Bay Paratransit
,Heritage Valley Transit Service,TRUE,,TRUE,http://www.valleyexpressbus.org/dial-a-ride-english/,no_online_app,FALSE,cash,FALSE,FALSE,https://drive.google.com/file/d/1DSuVVOOuX4XrHAwGnBnfPL9qO11m1pyU/view?usp=sharing,,"Available for all residents in service area, but Seniors/ADA certified individuals receive priority (ADA certification done through Ventura County)"
,Hermosa Beach Specialized Service,TRUE,,TRUE,https://www.hermosabeach.gov/our-government/finance-department/finance-cashier/bus-passes-and-dial-a-taxi,no_online_app,FALSE,cash,FALSE,FALSE,https://drive.google.com/file/d/1KSrUivhu4Uv1Rj9Gn8NZjn7W7ZjH1t4Q/view?usp=sharing,,
,Humboldt Transit Authority - Specialized Service,TRUE,Humboldt Transit Authority,TRUE,https://hta.org/dial-a-ride/,PDF_form,FALSE,credit_card_bulk,TRUE,TRUE,https://drive.google.com/file/d/1QbhilPKhEfe0eRBHhIrnpXR1lTZx3aFY/view?usp=sharing,,
,Imperial County Transportation Commission (ICTC) - Specialized Service,TRUE,Imperial County Department of Public Works,TRUE,https://www.ivtaccess.org/,no_online_app,TRUE,cash,FALSE,FALSE,https://drive.google.com/file/d/1Q6m7bzZHCvkK2plkeu8gfDVQ1_Vsdrea/view?usp=sharing,,
,Kern County,TRUE,,TRUE,https://kerntransit.org/dial-a-ride/,no_online_app,FALSE,cash,FALSE,FALSE,https://drive.google.com/file/d/1gxLsXtOc0jeITGe-RFKg0-rFBVLDo_Fj/view?usp=sharing,,Dial-a-ride service present in each city that makes up Kern County Transit that is available to all riders
,Kings County Area Public Transit Agency,TRUE,,TRUE,https://www.kartbus.org/paratransit/,PDF_form,TRUE,cash,FALSE,FALSE,https://drive.google.com/file/d/1LcZ6L2iW1jlDzhBHxnBUMEoc8rldQl3C/view?usp=sharing,,
,La Mirada,TRUE,,TRUE,https://www.cityoflamirada.org/city-services/transit,no_online_app,FALSE,cash,FALSE,FALSE,https://drive.google.com/file/d/1zJQGbuDlPTWhJ6XQRd-yThqMJpsPC-sn/view?usp=sharing,,Dial-a-ride service available to all city residents
,Lake Transit Authority,TRUE,Lake Transit Authority,TRUE,https://laketransit.org/ada-services/,PDF_form,FALSE,cash,FALSE,FALSE,https://drive.google.com/file/d/1RUkpsnkeXGhtArzJHGeoFUSHuLDXm99q/view?usp=sharing,,
,Lassen Transit Service Agency,TRUE,Lassen Transit Services Agency,TRUE,http://lassentransportation.com/dial-ride,PDF_form,FALSE,cash,FALSE,FALSE,https://drive.google.com/file/d/1VusPkZ3RhHMDPH5ttbgnphlb-zKZt0L-/view?usp=sharing,,
,Livermore-Amador Valley Transit Authority - Specialized Service,TRUE,Amador Transit,TRUE,https://www.wheelsbus.com/services/dial-a-ride-paratransit/,PDF_form,TRUE,cash_check,FALSE,FALSE,https://drive.google.com/file/d/1Fd1w4p3Ro91tyN413bIuVji3D4EuaIHG/view?usp=sharing,,Can purchase prepaid tickets with checks/money orders instead of paying cash 
,Lodi,TRUE,,TRUE,https://www.lodi.gov/493/ADA-Paratransit-VineLine-Dial-A-Ride,no_online_app,TRUE,cash,FALSE,FALSE,https://drive.google.com/file/d/1Rt4IzOyQEa7ah2o0NpJYk2MVjD31yhKD/view?usp=sharing,,
,Lompoc - Specialized Service,TRUE,,TRUE,https://www.cityoflompoc.com/government/departments/public-works/transportation/city-of-lompoc-transit#curbtocurb,PDF_form,FALSE,check_credit,FALSE,FALSE,https://drive.google.com/file/d/1Ncdx-P6FeozCmku5OA9A3rdTgwhmV0eQ/view?usp=sharing,,Can purchase prepaid passes with checks/money orders instead of paying cash 
,Long Beach Public Transportation Company - Specialized Service,TRUE,,TRUE,https://ridelbt.com/routes-and-services/#dial,no_online_app,FALSE,cash,FALSE,FALSE,https://drive.google.com/file/d/173hYBxB-DCTOL_DvNZmOO9223C46gGqB/view?usp=sharing,,
DASH Transit,Los Angeles - Specialized Service,TRUE,,TRUE,https://www.ladottransit.com/cityride/,standard_web_based_form,FALSE,cash_check_credit,FALSE,FALSE,https://drive.google.com/file/d/1h5FkD_O0L_sOfFw7js9UZXFcYwyyrCZY/view?usp=sharing,,"Cityride is LA city paratransit. Those eligible for it also get to ride the DASH (fixed route) transit lines in LA for free. Riders issued a ""Cityride card"" to put money on "
,Los Angeles County - Specialized Service,TRUE,,TRUE,https://pw.lacounty.gov/transit/DAR.aspx#pageTitle,PDF_form,FALSE,cash,FALSE,FALSE,https://drive.google.com/file/d/1yfbUaD62A-lLeaVh7bni68fkWYCdowGk/view?usp=sharing,,Public Works operates dial-a-ride service in certain areas of unincorporated LAC
,Los Angeles County,TRUE,,FALSE,,,FALSE,,FALSE,FALSE,,,Access Services provides paratransit for unincorporated LAC (Access covered in row 30)
,Madera,TRUE,Madera County Transportation Commission,TRUE,https://www.maderactc.org/transportation/page/public-transportation-providers,no_online_app,FALSE,none_fare_free,FALSE,FALSE,https://drive.google.com/file/d/1Ox7cGQ1s22lsu_vCHTCwyyAHl8ecSoRj/view?usp=sharing ; https://drive.google.com/file/d/1-uIIrEO_zZsngseZD3F-fwdbylIMDDOa/view?usp=sharing,,
,Madera County,TRUE,,TRUE,http://mcctransit.com/about/accessibility/senior-bus/,PDF_form,FALSE,cash,FALSE,FALSE,https://drive.google.com/file/d/1wQbknEkkjxx8IxY9tJlK5XXo5YzHQw8C/view?usp=sharing,,
Manhattan Beach Dial-A-Ride,Manhattan Beach - Specialized Service,TRUE,,TRUE,https://www.citymb.info/departments/parks-and-recreation/older-adults-program/dial-a-ride,no_online_app,FALSE,cash,FALSE,FALSE,https://drive.google.com/file/d/1FX7vmQrTTrsEZgWRDrkZITQJ3YaVUJcR/view?usp=sharing,,
,Manteca - Specialized Service,TRUE,,TRUE,https://www.ci.manteca.ca.us/CommunityDevelopment/MantecaTransit/Pages/Dial-a-Ride.aspx,PDF_form,FALSE,cash,FALSE,FALSE,https://drive.google.com/file/d/1mCKAgYadeHVVpAJb8AneHdmv1ds_s4x9/view?usp=sharing,,
,Manteca,TRUE,,FALSE,https://www.ci.manteca.ca.us/CommunityDevelopment/MantecaTransit/Pages/Dial-a-Ride.aspx,,FALSE,,FALSE,FALSE,,,Manteca only has one paratransit service (dial-a-ride) that is already covered in line 104. Can't find any other service related to Manteca.
,Marin County Transit District,TRUE,,TRUE,https://marintransit.org/paratransit,standard_web_based_form,TRUE,cash,FALSE,FALSE,https://drive.google.com/file/d/1bGtcHBdPq7TLuPlv6D9J8TShSGFjkMs1/view?usp=sharing,,
,Marin County Transit District - Specialized Service,TRUE,,TRUE,https://marintransit.org/catch-a-ride,standard_web_based_form,FALSE,cash,FALSE,FALSE,https://drive.google.com/file/d/1hYsjFqf56DjiLEH2TvI2yoKuMJpG_-zU/view?usp=sharing,,"Specialized ""Catch-a-ride"" service that is a part of Marin Access; riders must be registered with Marin Access and live in the county to use"
,Mariposa County,TRUE,,TRUE,https://www.mariposacounty.org/422/Transportation,no_online_app,FALSE,cash,FALSE,FALSE,https://drive.google.com/file/d/1B09OjZy9Z9wci0oKZ_dXtP-_9WNkxOhK/view?usp=sharing,,
,McFarland,TRUE,,TRUE,https://www.mcfarlandcity.org/269/Transportation,no_online_app,FALSE,cash,FALSE,FALSE,https://drive.google.com/file/d/1VWyJpErb9M5JHE8Mbo3hDTA4JM_tTk5z/view?usp=sharing,,Dial-a-ride service open to all residents 
,Mendocino Transit Authority - Specialized Service,TRUE,Mendocino Transit Authority,TRUE,https://mendocinotransit.org/dial-a-ride/,no_online_app,FALSE,cash,FALSE,FALSE,https://drive.google.com/file/d/1detKplt6GN2GTqL1-4QQcDfKS29D1MrY/view?usp=sharing,,
,Modesto - Specialized Service,TRUE,,TRUE,https://modestoareaexpress.com/149/Dial-A-Ride,no_online_app,TRUE,cash,FALSE,FALSE,https://drive.google.com/file/d/1IxvYm6mRYYagPAzKyG627jEzZhznnv2j/view?usp=sharing,,
,Modoc Transportation Agency - Specialized Service,TRUE,Modoc Transportation Agency/Sage Stage,TRUE,https://sagestage.com/,no_online_app,FALSE,cash,FALSE,FALSE,https://drive.google.com/file/d/1JFMHqy-G5ao6443y3r30W1McJTeOmGo3/view?usp=sharing,,Dial-a-ride service open to all residents; Seniors/ADA certified riders receive a discount
,Montebello - Specialized Service,TRUE,,TRUE,http://www.ridembl.com/Maps-Schedules/Dial-A-Taxi,PDF_form,FALSE,cash,FALSE,FALSE,https://drive.google.com/file/d/10gTPYeGhZtGLLo-2L5uE8y84ycxqdTmZ/view?usp=sharing,,
,Monterey-Salinas Transit - Specialized Service,TRUE,Monterey-Salinas Transit,TRUE,https://www.mstmobility.org/ada-paratransit-rides.htm,PDF_form,TRUE,credit_card_bulk,TRUE,TRUE,https://drive.google.com/file/d/1wmuPtmVx75_nccpsZZarsQRsS52CVRYI/view?usp=sharing,,Cash also accepted in exact change
,Moorpark,TRUE,,TRUE,"https://www.moorparkca.gov/223/Transportation#:~:text=Moorpark%20Transit%20%2D%20The%20local%20fixed,am%20to%206%3A00%20pm.&text=The%20senior%20Dial%2DA%2DRide,not%20transfer%20with%20LA%20Access.",PDF_form,FALSE,cash,FALSE,FALSE,https://drive.google.com/file/d/1yRU-9H56xZp8v_YbWHuWnZSdUu3PgR1c/view?usp=sharing,,
,Morongo Basin Transit Authority,TRUE,,TRUE,https://mbtabus.com/ready-ride/,PDF_form,FALSE,cash,FALSE,FALSE,https://drive.google.com/file/d/1N2YFGlkYhoQZjPF8qWcD6WK-Egyak0Wp/view?usp=sharing,,
,Mountain Area Regional Transit Authority,TRUE,,TRUE,https://mountaintransit.org/how-to-use-dial-a-ride/,no_online_app,FALSE,cash_check_credit,FALSE,FALSE,https://drive.google.com/file/d/1GAPg5KqOMeCj_mVPQsjTADcy2kikLkxu/view?usp=sharing,,"Can use any of the payment methods selected to buy ""punch cards"" that essentially prepay for trips, or can pay cash upon boarding "
,Napa Valley Transportation Authority - Specialized Service,TRUE,"Napa County Transportation 
Planning Agency",TRUE,https://vinetransit.com/vine-go/#apply,no_online_app,TRUE,credit_card_bulk,FALSE,FALSE,https://drive.google.com/file/d/1yb3dlRYJa04bAoRSkUb5xoAHLk12Lj6g/view?usp=sharing,,Can also pay cash upon boarding
,Needles - Specialized Service,TRUE,,TRUE,http://cityofneedles.com/transit/,no_online_app,FALSE,cash,FALSE,FALSE,https://drive.google.com/file/d/1yIcc7WOiIBSMw9jxm3Wr0PUTazarmcjf/view?usp=sharing,,
,Nevada County - Specialized Service,TRUE,County of Nevada,TRUE,https://www.mynevadacounty.com/2262/Paratransit-Services,no_online_app,FALSE,cash,FALSE,FALSE,https://drive.google.com/file/d/1Z5wGzlNiVL4Enp4vYqkCE0jS6sqMj48Y/view?usp=sharing,,
,North County Transit District,TRUE,,TRUE,https://gonctd.com/accessibility/lift-eligibility/,standard_web_based_form,TRUE,credit_card_bulk,FALSE,FALSE,https://drive.google.com/file/d/1YwfaKPL2IzAZN8isZ-CpaxivOmm5fxFs/view?usp=sharing,,Cash also accepted upon boarding 
,North County Transit District - Specialized Service,TRUE,,TRUE,https://gonctd.com/services/flex-on-demand/,no_online_app,FALSE,credit_card_bulk,FALSE,FALSE,https://drive.google.com/file/d/1CfX2pxMushGL-0JyXke8nKFnLQInVMyi/view?usp=sharing,,Demand response service open to all; Seniors and those with disabilities receive fare discount
,North of the River Recreation and Park District CTSA - Specialized Service,TRUE,"North of the River Recreation 
and Park District",TRUE,https://www.norfun.org/transportation-ctsa,PDF_form,FALSE,cash,FALSE,FALSE,https://drive.google.com/file/d/1ajO0zoeHkSW7J_F7F_yxEEiJ5ENxoTgU/view?usp=sharing,,
,Norwalk - Specialized Service,TRUE,,TRUE,https://www.norwalk.org/city-hall/departments/norwalk-transit-system-nts/dial-a-ride,PDF_form,FALSE,credit_card_bulk,FALSE,FALSE,https://drive.google.com/file/d/1O619lN2xYq27EgKKBar2N8Nvebw83Ldf/view?usp=sharing,,Credit card bulk in this case=a TAP card. Cash is also accepted upon boarding 
,Omnitrans - Specialized Service,TRUE,,TRUE,https://omnitrans.org/services/access-ada/,PDF_form,TRUE,credit_card_bulk,TRUE,TRUE,https://drive.google.com/file/d/1gLmmWfiClG1rrmKlwtRANE2ogWG3vumS/view?usp=sharing,,
,Orange County Transportation Authority - Specialized Service,TRUE,Orange County Transportation Authority,TRUE,https://www.octa.net/Bus/OC-ACCESS-Service/Overview/,PDF_form,TRUE,cash_check_credit,FALSE,FALSE,https://drive.google.com/file/d/1udFzjBnC8xjBTDMxW-jpuzELPjzaFzF4/view?usp=sharing,,Can use any of the selected payment methods to prepurchase tickets/passes in-person/online
,Palos Verdes Peninsula Transportation Authority - Specialized Service,TRUE,,TRUE,http://www.palosverdes.com/pvtransit/index.cfm?pg=dial-ride,PDF_form,FALSE,check_credit,FALSE,FALSE,https://drive.google.com/file/d/1SA8dFYD6cjGSoMkIZksD9hE5T3ARuoYW/view?usp=sharing,,"Check/Credit used to prepay for trips, which are then loaded on to a swipe card "
"Paratransit, Inc.",Paratransit Inc. CTSA - Specialized Service,TRUE,"Paratransit, Inc.",FALSE,https://paratransit.org/ctsa-partners/,,FALSE,,FALSE,FALSE,https://drive.google.com/file/d/1o0yJuU0KiuJrz0M7UaX-uBOitQWxsDQP/view?usp=sharing ; https://drive.google.com/file/d/14HhkeDRo-0NgLAmjg_KB8THSvdr7PBiQ/view?usp=sharing,,"used to provide services for SacRT, but they don't anymore as of June 2019 (does not appear like they actually provide their own independent paratransit service. They just help/partner with others to assist them in doing so now, agencies/cities sign contracts with them to use their vehicles and such)"
,Pasadena - Specialized Service,TRUE,,TRUE,https://www.cityofpasadena.net/pasadena-transit/dial-a-ride/,standard_web_based_form,FALSE,other,FALSE,FALSE,https://drive.google.com/file/d/1s3-0QTUhMNdrXjfVfQzavzRFZIrLHBjg/view?usp=sharing,,TAP cards with stored value on them used to pay (cash is also an option) 
,Petaluma - Specialized Service,TRUE,,TRUE,https://transit.cityofpetaluma.net/petaluma-paratransit/,PDF_form,TRUE,cash_check_credit,FALSE,FALSE,https://drive.google.com/file/d/1z4INjO6LLV1U-jNrYALtOihyO_R5fmcd/view?usp=sharing,,"Can use any of the payment methods selected to buy ""Rider Passes"". essentially prepaying for a bulk of trips, or can pay cash upon boarding "
,Placer County,TRUE,,TRUE,https://www.placer.ca.gov/1793/Dial-A-Ride,PDF_form,TRUE,cash,FALSE,FALSE,https://drive.google.com/file/d/1fcdtSfpgIq8ahn1UJLQxeRyfjGD631qJ/view?usp=sharing,,
Pleasanton Paratransit Service,Pleasanton - Specialized Service,TRUE,,TRUE,https://blacktietrans.com/pleasanton-rides/pleasanton-rides-info/,PDF_form,FALSE,credit_card_bulk,FALSE,FALSE,https://drive.google.com/file/d/1oTsC-WQQrnPIjhkd73hZLwMBUePGJVZ0/view?usp=sharing,,"Rebranded as ""Pleasanton Rides"" beginning 02/01/2021, service run a thrid party"
,Pomona Valley Transportation Authority,TRUE,,TRUE,https://www.pvtrans.org/programs/get-about/,standard_web_based_form,FALSE,cash,FALSE,FALSE,https://drive.google.com/file/d/1p4aItyPaIr-V1F1MjvFmhrzoOTqMSbrH/view?usp=sharing,,
Pomona Valley Transportation Authority,Pomona Valley Transportation Authority - Specialized Service,TRUE,,TRUE,https://www.pvtrans.org/programs/san-dimas-dial-a-cab/,no_online_app,FALSE,cash,FALSE,FALSE,https://drive.google.com/file/d/18YKgjIRyBoFkWkObFO-TPme05OGkwqVG/view?usp=sharing,,"Is this for the San Dimas dial a cab? PVTA offers a ""Get About"" paratransit service, Claremont dial-a-ride (covered in line 47), and a San Dimas dial-a-cab (filled out this row for the San Dimas service; service is open to all, though Seniors/people with disabilities have a larger service area)"
,Porterville,TRUE,,TRUE,http://www.ci.porterville.ca.us/depts/PortervilleTransit/pts_access.cfm,no_online_app,TRUE,credit_card_bulk,FALSE,FALSE,https://drive.google.com/file/d/1n33-P1O-euDiLqKYrHUwc19eEILwuyEv/view?usp=sharing,,
,Redding Area Bus Authority - Specialized Service,TRUE,,TRUE,https://www.cityofredding.org/departments/redding-area-bus-authority/services/paratransit,PDF_form,TRUE,credit_card_bulk,FALSE,FALSE,https://drive.google.com/file/d/1IOM8jnZ15khYRQIiFVSAOsg7h3x8nhfv/view?usp=sharing,,Cash also accepted when boarding 
,Redondo Beach - Specialized Service,TRUE,,TRUE,"https://www.redondo.org/depts/recreation/transit/the_wave.asp#:~:text=The%20WAVE%20provides%20convenient%2C%20inexpensive,for%20a%20free%20introductory%20trip.",PDF_form,FALSE,cash,FALSE,FALSE,https://drive.google.com/file/d/1w71WMzVxVmq2MT2tkAFazkTfKqR9wX3c/view?usp=sharing,,
,Redwood Coast Transit Authority,TRUE,,TRUE,http://redwoodcoasttransit.org/dial-a-ride/,PDF_form,TRUE,cash,FALSE,FALSE,https://drive.google.com/file/d/1WpauQg6Ll9NZWx8gk5_N3_dN8FvsGXDg/view?usp=sharing,,
,Ridgecrest,TRUE,,TRUE,https://ridgecrest-ca.gov/197/Transit-Division,PDF_form,FALSE,cash,FALSE,FALSE,https://drive.google.com/file/d/11NKX2GxUGJoMoLd85Un7Qz7A6joRjOjB/view?usp=sharing,,
,Ripon,TRUE,,TRUE,http://www.cityofripon.org/cms/one.aspx?portalId=1080111&pageId=2984496,no_online_app,FALSE,cash,FALSE,FALSE,https://drive.google.com/file/d/1sd_oa3qb8E73Ub92bAqvqZiJfeya2QNN/view?usp=sharing,,"City of Ripon paratransit service not completely seperate from their fixed route service. Eligible passengers can call and request route deviations within 3/4 of a mile of fixed route stops. Launching a mobile ticketing app soon in partnership with other agencies, but not live yet "
Riverside Special Transportation,Riverside - Specialized Service,TRUE,,TRUE,https://riversideca.gov/park_rec/programs-sports/seniors/special-transportation-seniors-and-disabled,no_online_app,FALSE,cash,FALSE,FALSE,https://drive.google.com/file/d/1GsS_iiGtFWXElHHJrVlnHM1_vlYgn4NZ/view?usp=sharing,,
,Riverside Transit Agency - Specialized Service,TRUE,Riverside Transit Agency,TRUE,https://www.riversidetransit.com/index.php/dial-a-ride/what-is-dial-a-ride,standard_web_based_form,TRUE,credit_card_bulk,FALSE,FALSE,https://drive.google.com/file/d/1-cDeCrLucL76knA_S1UdlV85C1Z535IR/view?usp=sharing,,Cash also accepted when boarding
,Roseville,TRUE,,TRUE,http://cityofroseville.hosted.civiclive.com/cms/One.aspx?portalId=7964922&pageId=8967433,PDF_form,TRUE,cash_check_credit,FALSE,FALSE,https://drive.google.com/file/d/1RnOwLU43DpetxxVfLxVLk7AB9sdaut9X/view?usp=sharing,,
,Sacramento County,TRUE,,FALSE,,,FALSE,,FALSE,FALSE,,,"Can't find a Sacramento county paratransit service, all services in Sac. County on this spreadsheet already (with the addition of Rio Vista Delta Breeze below, which partially operates in Sac. County)"
,Rio Vista Delta Breeze Dial-a-ride,,,TRUE,https://www.riovistacity.com/delta-breeze-transit-system/,no_online_app,FALSE,cash_check,FALSE,FALSE,https://drive.google.com/file/d/1fCZczLDhEhlFonG7B5crYaRAimBUkCIz/view?usp=sharing,,Also accept prepaid passes purchased via mail or in-person
,Sacramento Regional Transit System,TRUE,,TRUE,https://www.sacrt.com/apps/sacrt-go-paratransit-services/,no_online_app,TRUE,credit_card_bulk,TRUE,TRUE,https://drive.google.com/file/d/18GtSGqUQztvdC2D5s-uEBIk_PHuzDtbO/view?usp=sharing,,Cash also accepted when boarding
,San Benito County Local Transportation Authority,TRUE,,TRUE,http://www.sanbenitocountyexpress.org/paratransit.html,PDF_form,FALSE,cash,FALSE,FALSE,https://drive.google.com/file/d/1VfuRrKEbIAbbCc_leQbS8Iv0A89FhKql/view?usp=sharing,,
,San Benito County Local Transportation Authority - Specialized Service,TRUE,"San Benito County Local 
Transportation Authority",TRUE,http://www.sanbenitocountyexpress.org/dialaride.html,no_online_app,FALSE,credit_card_bulk,FALSE,FALSE,https://drive.google.com/file/d/1mF3ejM4IiRtLWmOu3O8AUnl32iYySvV1/view?usp=sharing,,Cash also accepted when boarding; Dial-a-ride open to all (Seniors and people with disabilities receive fare discount)
,San Diego Metropolitan Transit System,TRUE,,TRUE,https://www.sdmts.com/rider-info-accessibility/mts-access,standard_web_based_form,TRUE,cash_check_credit,FALSE,FALSE,https://drive.google.com/file/d/1fLcI3o5J3qlvdN3rEoc71uvn3xA5tU7H/view?usp=sharing,,"Can use any of the payment methods selected to buy tickets online, in-person, or over the phone"
,San Francisco - Specialized Service,TRUE,,TRUE,https://www.sfmta.com/getting-around/accessibility/paratransit,PDF_form,TRUE,cash_check_credit,FALSE,FALSE,https://drive.google.com/file/d/1cw9z-8DbOvmiBfJyW6Ku9QL5leBCOnZZ/view?usp=sharing,,"Can use any of the payment methods selected to buy tickets through an app, in-person, or over the phone/through the mail"
,San Francisco Bay Area Rapid Transit District - Specialized Service,TRUE,,TRUE,https://www.bart.gov/guide/accessibility/paratransit ; https://www.eastbayparatransit.org/who-provides-east-bay-paratransit.htm,no_online_app,TRUE,other,FALSE,FALSE,https://drive.google.com/file/d/1VhMbscOvmY6VThKKGGlgkw_QnDVWhzft/view?usp=sharing ; https://drive.google.com/file/d/1P0HSuN652xQyNAw6zbiUj2gDjY3Qh-dQ/view?usp=sharing,,other=depends on what area of BART service paratransit services are being used in. BART partners with surrounding local transit operators (primarily East Bay Paratransit) to provide paratransit services for riders. All certification is done through the local transit operators
,San Joaquin Regional Transit District - Specialized Service,TRUE,,TRUE,https://sanjoaquinrtd.com/services/#tab-cf8426c2279af5ec0de,no_online_app,FALSE,credit_card_bulk,FALSE,FALSE,https://drive.google.com/file/d/1PUjcJfc5GFNNaZAraoK1_S0veVtGfviZ/view?usp=sharing,,Cash also accepted
,San Luis Obispo Regional Transit Authority (RTA),TRUE,,TRUE,http://www.slorta.org/services/runabout-paratransit/,no_online_app,FALSE,cash_check,FALSE,FALSE,https://drive.google.com/file/d/1AWhKml5-c7gwHqqC4JAUUvnIrhn3hjKX/view?usp=sharing,,
,San Luis Obispo Regional Transit Authority (RTA) - Specialized Service,TRUE,,TRUE,http://www.slorta.org/services/dial-a-ride/,no_online_app,FALSE,cash_check,FALSE,FALSE,https://drive.google.com/file/d/1WJW_B6-yugz35FEH9nhjjfkj80VfnfdO/view?usp=sharing,,
,San Mateo County Transit District - Specialized Service,TRUE,,TRUE,https://www.samtrans.com/Accessibility/Paratransit.html,no_online_app,TRUE,cash_check_credit,FALSE,FALSE,https://drive.google.com/file/d/1I60JkDJ-mc7DeepUX0vgEQoApxe_3VMJ/view?usp=sharing,,
Easy Lift Transportation,Santa Barbara County,TRUE,,TRUE,https://www.easylift.org/dial-a-ridecontract-services/,standard_web_based_form,TRUE,cash_check_credit,FALSE,FALSE,https://drive.google.com/file/d/1tFo944mjwZBAAuBBQBdQ9b9EF993hXEQ/view?usp=sharing,,"Can use any of the payment methods selected to buy tickets online, in-person, or over the phone/via mail"
,Santa Clara Valley Transportation Authority - Specialized Service,TRUE,,TRUE,https://www.vta.org/go/paratransit,PDF_form,TRUE,check_credit,FALSE,FALSE,https://drive.google.com/file/d/1HU7_FLBrkCIVf5vnJj4Rgdap6vov9cQm/view?usp=sharing,,Users have an account that they add money to for rides. Amount deducted from account when ride is booked
,Santa Clarita - Specialized Service,TRUE,,TRUE,http://santaclaritatransit.com/services/dial-a-ride-asi/,no_online_app,FALSE,cash,FALSE,FALSE,https://drive.google.com/file/d/1higeW_TbkJMckQadmmXmu6oS2pPj6coh/view?usp=sharing,,
,Santa Cruz - Specialized Service,TRUE,,TRUE,https://scvolunteercenter.org/programs/transportation-program/,no_online_app,FALSE,none_fare_free,FALSE,FALSE,https://drive.google.com/file/d/1S23be1NcQk7nF0MA-oy0I1MGnFQekCtQ/view?usp=sharing,,"County has this volunteer driving program, where volunteers drive those in need to where they need to go. Not wheelchair accessbile. Main county wide specialized service is Lift Line (covered in line 211)"
,Santa Cruz Metropolitan Transit District - Specialized Service,TRUE,,TRUE,https://www.scmtd.com/en/metro-paracruz/general-info,no_online_app,TRUE,cash_check_credit,FALSE,FALSE,https://drive.google.com/file/d/1XS-ApWT14xEObfivfCk6CcsL3m_-Dh5w/view?usp=sharing,,"Can use any of the payment methods selected to buy tickets online, in-person, or through the mail"
,Santa Maria - Specialized Service,TRUE,Santa Maria Organization of Transportation Helpers (SMOOTH),TRUE,https://www.cityofsantamaria.org/city-government/departments/public-works-services/public-transit-services/ada-service,PDF_form,TRUE,cash,FALSE,FALSE,https://drive.google.com/file/d/1TteM5xPea0hbdasCwINpRPEETPAu4EHo/view?usp=sharing,,
,Santa Maria Organization of Transportation Helpers CTSA - Specialized Service,TRUE,,TRUE,https://www.smoothinc.org/dial-a-ride.php,no_online_app,FALSE,cash,FALSE,FALSE,https://drive.google.com/file/d/1EfYCiIpZd9Rtl0VsoIN9Zr-knpdJvpl1/view?usp=sharing,,
,Santa Monica - Specialized Service,TRUE,,TRUE,https://www.bigbluebus.com/Rider-Info/Mobility-On-Demand-Every-Day-Program.aspx#Register,PDF_form,FALSE,cash_check_credit,FALSE,FALSE,https://drive.google.com/file/d/1G6v0G0ZlkZOpKA7OJFa0Jacd2xTC9MhA/view?usp=sharing,,
Santa Rosa CityBus,Santa Rosa - Specialized Service,TRUE,,TRUE,https://srcity.org/1696/Paratransit,no_online_app,TRUE,cash_check_credit,FALSE,FALSE,https://drive.google.com/file/d/1KX05GBKhDFvS0AgKsYbwJG8PTSdXEqn3/view?usp=sharing,,"Can use any of the payment methods selected to buy tickets online, in-person, or over the phone"
,Shafter,TRUE,,TRUE,https://shafter.com/148/Transit,no_online_app,FALSE,cash,FALSE,FALSE,https://drive.google.com/file/d/1LA-A4Fy_07HuiJW7XFs63rANeBncPeav/view?usp=sharing,,Dial-a-ride open to all city residents
Sierra County Transportation Commission,Sierra County - Specialized Service,TRUE,,TRUE,https://sierracounty.ca.gov/410/Transit,no_online_app,FALSE,cash,FALSE,FALSE,https://drive.google.com/file/d/1SvGAtnV3ME0dboHa67fLU9PhowT4edZH/view?usp=sharing,,Demand response service provided throughout county by two non-profits
,Simi Valley - Specialized Service,TRUE,,TRUE,https://www.simivalley.org/departments/community-services/simi-valley-transit#Americans%20with%20Disabilities%20Act/Dial-A-Ride%20Service%20within%20Simi%20Valley,PDF_form,FALSE,cash,FALSE,FALSE,https://drive.google.com/file/d/1TzNJa2IWilVnOnRwUghH0EVsf_4EsOZh/view?usp=sharing,,Online application only certifies older adults; persons with disabilities need to fill out additional forms that are not online
,Solano County Intercity Taxi - Specialized Service,TRUE,,TRUE,https://www.solanomobility.org/program/local-taxi-scrip/,no_online_app,FALSE,cash_check_credit,FALSE,FALSE,https://drive.google.com/file/d/1l8nWQx7u39cC6vx49Hi2RzPd6kUXLtqu/view?usp=sharing,,
,Soltrans - Specialized Service,TRUE,,TRUE,https://soltrans.org/accessibility/ada-paratransit/,no_online_app,TRUE,cash_check_credit,FALSE,FALSE,https://drive.google.com/file/d/17Y0EJ3r5SzYmLSNDsWdDw17ndnTtBBAC/view?usp=sharing,,
,Solvang - Specialized Service,TRUE,,TRUE,https://www.cityofsolvang.com/273/Dial-A-Ride,PDF_form,TRUE,cash,FALSE,FALSE,https://drive.google.com/file/d/1ukZKbqX_Ezj8z0vvMKTGAxAvUaDJSW07/view?usp=sharing,,
,Sonoma County - Specialized Service,TRUE,,TRUE,https://sctransit.com/paratransit/,no_online_app,TRUE,credit_card_bulk,FALSE,FALSE,https://drive.google.com/file/d/1k21QLYr6vy9UNgwSQWgDqSeTQAY38AKc/view?usp=sharing,,Cash also accepted when boarding
,South County Transit,TRUE,,TRUE,http://www.sctlink.com/dial.asp,no_online_app,FALSE,cash,FALSE,FALSE,https://drive.google.com/file/d/1NYhx6LZQL-Zi7uGEe_CvL6B_f1vjW_kF/view?usp=sharing,,Dial-a-ride service open to all residents; Seniors/persons with disabilities receive fare discount
,Stanislaus County,TRUE,MOVE,TRUE,http://www.movestanislaus.org/programs/vetsvan-2/,no_online_app,FALSE,none_fare_free,FALSE,FALSE,https://drive.google.com/file/d/1wWL2CpXhhp4BA5OYoP8crILply_CVA70/view?usp=sharing,,
,Stanislaus County,TRUE,Stanislaus Counsel of Governments,TRUE,https://www.srt.org/maps-schedules/dial-a-ride/,no_online_app,FALSE,cash_check_credit,FALSE,FALSE,https://drive.google.com/file/d/1QoZal2gGRnQRhhqRO1lu8Eps53BcxnaG/view?usp=sharing,,"Only cash accepted on board, but other payment methods can be used to buy passes in person"
,Sunline Transit Agency - Specialized Service,TRUE,Sunline Transit Agency,TRUE,https://www.sunline.org/services/sundial-paratransit-service,PDF_form,TRUE,cash,FALSE,FALSE,https://drive.google.com/file/d/1dlTI-vF4GwHAZBtSBGw7kGFkeBdeD43C/view?usp=sharing,,
,Taft,TRUE,,TRUE,https://www.cityoftaft.org/pview.aspx?id=5385&catid=563,PDF_form,FALSE,cash,FALSE,FALSE,https://drive.google.com/file/d/1-x-3NYwDIALEayrUsKBheBIppDGlJqHF/view?usp=sharing,,
,Tahoe Transportation District - Specialized Service,TRUE,,TRUE,https://www.tahoetransportation.org/paratransit/,PDF_form,TRUE,none_fare_free,FALSE,FALSE,https://drive.google.com/file/d/1PjTNKtejz6HuEKEsXJTs0ENcSisHG_DG/view?usp=sharing,,fare-free through at least 03/31/2022 through grant money
,Tehachapi,TRUE,,TRUE,https://kerntransit.org/dial-a-ride/dial-tehachapi/,no_online_app,FALSE,cash,FALSE,FALSE,https://drive.google.com/file/d/1tNaxkVWqYbesCdhMszdG-2ZGyuX-Xqng/view?usp=sharing,,already covered as part of Kern county in line 89 (each city apart of Kern County transit operates dial-a-ride services)
,Tehama County - Specialized Service,TRUE,Tehama County Transportation Commission,TRUE,http://www.taketrax.com/ada.html,PDF_form,FALSE,cash,FALSE,FALSE,https://drive.google.com/file/d/1eQmH1QXw5rMBEt8FKY3MvyUxHGQv1BlT/view?usp=sharing,,
,Thousand Oaks - Specialized Service,TRUE,,TRUE,https://www.toaks.org/departments/public-works/transit/dial-a-ride,PDF_form,FALSE,cash_check_credit,FALSE,FALSE,https://drive.google.com/file/d/1pLJgvLPqszYIWWePR_xr8mdC7PihpCME/view?usp=sharing,,"Currently fare free due to COVID-19, when fare collection resumes, any of the selected payment methods can be used to buy passes for the service"
,Torrance - Specialized Service,TRUE,,TRUE,https://transit.torranceca.gov/our-city/transit/services/senior-and-dial-a-taxi-program,PDF_form,FALSE,check,FALSE,FALSE,https://drive.google.com/file/d/16p_RlTZHEstiFa8Yij4lvI0o_gdf9gNc/view?usp=sharing,,"Rides paid for with a ""swipe card"" that funds are loaded on to"
,Tracy - Specialized Service,TRUE,,TRUE,https://www.ci.tracy.ca.us/?navid=193,no_online_app,TRUE,cash_check,FALSE,FALSE,https://drive.google.com/file/d/17Hdxx_rygEuJArAz4KvVxrZIEls0MVqR/view?usp=sharing,,
,Transit Joint Powers Authority of Merced County- Specialized Service,TRUE,Transit Joint Powers Authority for Merced County,TRUE,http://mercedthebus.com/133/Paratransit,standard_web_based_form,FALSE,cash,FALSE,FALSE,https://drive.google.com/file/d/1fjXpvU4GK8fC3RBJvULMqn_ViOmhiUds/view?usp=sharing,,"Multi-ride passes available for purchase in bulk to select users (groups, vendors, agencies)"
Town of Truckee,Truckee,TRUE,,TRUE,https://www.townoftruckee.com/government/engineering-and-public-works/public-transportation,PDF_form,FALSE,none_fare_free,FALSE,FALSE,https://drive.google.com/file/d/1-rKJ09t9rteYdz3DUxjCxdnHRox8aFjR/view?usp=sharing,,
,Tulare,TRUE,,TRUE,"https://www.tulare.ca.gov/departments/finance/transit#:~:text=Tulare%20Transit%20provides%20services%20to%2C%20from%20and%20within%20Tulare.&text=Tulare%20operates%206%20fixed%20route,or%20559%2D688%2D5706.",no_online_app,FALSE,cash,FALSE,FALSE,https://drive.google.com/file/d/1kdly3DnOxuACo93DePTZCxktIz3TGLuv/view?usp=sharing,,
,Tulare County,TRUE,,TRUE,https://ridetcat.org/dial-a-ride/,PDF_form,TRUE,cash,FALSE,FALSE,https://drive.google.com/file/d/1pta3k4HB4rbDmKmOUihoGCiAZONFDcbM/view?usp=sharing,,
,Tuolumne County - Specialized Service,TRUE,,TRUE,https://www.tuolumnecountytransit.com/dial-a-ride,PDF_form,TRUE,cash,FALSE,FALSE,https://drive.google.com/file/d/190IWAPAEjRBv5zwi1Uxl2QnXY2SYmjjA/view?usp=sharing,,
,Turlock,TRUE,,TRUE,http://www.turlocktransit.com/dar.html,no_online_app,FALSE,cash,FALSE,FALSE,https://drive.google.com/file/d/1oJ-PW789Z5MzmKeLFIsvEU7zbOkt0dr6/view?usp=sharing,,
,Union City - Specialized Service,TRUE,,TRUE,https://www.unioncity.org/172/Paratransit,PDF_form,TRUE,cash_check_credit,FALSE,FALSE,https://drive.google.com/file/d/1lzQ8RvSuQtSSh5VUPKz_1DZwvBdlZPpL/view?usp=sharing,,"Can use any of the payment methods selected to buy tickets online, in-person, or through the mail"
,United Cerebral Palsy Ride on Transportation - Specialized Service,TRUE,UCP Ride-On Transportation,TRUE,http://www.ride-on.org/ride-on-community-interaction-program.php ; http://ucp-slo.org/services/cip-transportation/,no_online_app,FALSE,cash,FALSE,FALSE,https://drive.google.com/file/d/1tyLNJcnTxXPgR33ZfM8PUdl2JlzmSGmG/view?usp=sharing ; https://drive.google.com/file/d/1CtoMiFY2emJo-iAJHStc8Vl2NKc_XM_e/view?usp=sharing,,
,Vacaville - Specialized Service,TRUE,,TRUE,http://www.citycoach.com/services/ada-accessibility/,no_online_app,TRUE,cash,FALSE,FALSE,https://drive.google.com/file/d/1JQy55EHXuvQBBL3nbkRt9-ajm_6DPItH/view?usp=sharing,,
,Victor Valley Transit Authority - Specialized Service,TRUE,,TRUE,https://vvta.org/flex/ada-direct-access/,standard_web_based_form,TRUE,cash,FALSE,FALSE,https://drive.google.com/file/d/1TurdYf9ZkbD1kI9f3NlBWkBF04q5KrOK/view?usp=sharing,,
,Visalia,TRUE,,TRUE,https://www.visalia.city/depts/transportation_services/transit/services_provided/dial_a_ride.asp,PDF_form,TRUE,credit_card_bulk,FALSE,FALSE,https://drive.google.com/file/d/1KEeapLLAXYX_-kYCiz-d4VRgGjmQWOPq/view?usp=sharing,,Cash also accepted upon boarding
,Wasco,TRUE,,TRUE,https://www.cityofwasco.org/196/Dial-A-Ride,no_online_app,FALSE,cash,FALSE,FALSE,https://drive.google.com/file/d/1m2Bm_QjHGhnyCCUN2ySxVgx1QJEgmoNh/view?usp=sharing,,
,Western Contra Costa County Transit Authority,TRUE,,TRUE,https://www.westcat.org/home/ServADAPara,PDF_form,TRUE,cash_check_credit,FALSE,FALSE,https://drive.google.com/file/d/1D_FqzKCuCVWOt9uWQ4bs6o41fLkG5cSA/view?usp=sharing,,"Can use any of the payment methods selected to buy tickets online, in-person, or through the mail"
,Western Contra Costa County Transit Authority-Specialized Service,,,TRUE,https://www.westcat.org/home/ServDial,no_online_app,FALSE,cash_check_credit,FALSE,FALSE,https://drive.google.com/file/d/1ApudmoKxRDrmlbzEg1NXf5A6M08ivk82/view?usp=sharing,,"Similar to WestCat's ADA service, but not as expansive/no cross-eligibility "
,Western Placer Consolidated Transportation Services Agency (CTSA),TRUE,Western Placer Consolidated Transportation Services Agency,TRUE,http://pctpa.net/transit/244/ ; https://seniorsfirst.org/sf-programs/transportation/,PDF_form,FALSE,cash,FALSE,FALSE,https://drive.google.com/file/d/1O71FPbl3iSSmqhb0qFeBKfNJuqc9LR2k/view?usp=sharing  ; https://drive.google.com/file/d/1UXY640OYkOBaDZz0ODHlroz_udLw6YFC/view?usp=sharing,,
,Woodlake,TRUE,,TRUE,http://www.cityofwoodlake.com/transportation/,no_online_app,FALSE,cash,FALSE,FALSE,https://drive.google.com/file/d/14FycRjr0UcZGHf16NS-jdulIB2xUWgVE/view?usp=sharing,,
Davis Community Transit,Yolo County Transportation District - Specialized Service,TRUE,,TRUE,https://www.cityofdavis.org/city-hall/parks-and-community-services/davis-community-transit,no_online_app,FALSE,cash_check,FALSE,FALSE,https://drive.google.com/file/d/1yvfxaUubxFxerYpaC78y1FSv4b8gtQsw/view?usp=sharing,,
,Yolobus (Yolo county transportation),,,TRUE,https://www.yolobus.com/riderinformation/yolobusspecial.php,PDF_form,TRUE,cash,FALSE,FALSE,https://drive.google.com/file/d/1r34PRL0hfe89Zp4qtrE5oQ0oYX5UQwjK/view?usp=sharing,,
,Yuba Sutter Transit Authority,TRUE,,TRUE,https://www.yubasuttertransit.com/dial-a-ride,PDF_form,TRUE,cash_check_credit,FALSE,FALSE,https://drive.google.com/file/d/15J1mfiRGSKkMFWIWdtugu6GgzC9Zib9M/view?usp=sharing,,"Passengers can use Connect Cards to pay for rides (reloadable transit cards used in the Sacramento area); Connect Cards can have funds added to them via cash, check, credit/debit. Cash is also accepted when boarding."
,Rocklin,TRUE,,FALSE,https://www.rocklin.ca.us/post/public-transit ; https://www.placer.ca.gov/1794/Service-Areas-Hours,,FALSE,,FALSE,FALSE,https://drive.google.com/file/d/1ECh_wwAnZIRLkk6WtOAZWGc_Ua3V7rjR/view?usp=sharing ; https://drive.google.com/file/d/1J5Rt6Jm6Ol18RBY-ZkEjm3vx_LTxEVSG/view?usp=sharing,,"Can't find any service specific for Rocklin. They are a part of the Placer County Transit Agency, which provides a dial-a-ride service that is already covered in row 131"
,,FALSE,Sutter Coast Hospital,FALSE,,,FALSE,,FALSE,FALSE,,,Can't find any information that Sutter Coast hospital provides paratransit services of any sort
,,FALSE,"Humboldt Community Access and Resource Center, Inc.",FALSE,https://www.visitredwoods.com/listing/humboldt-community-access-%26-resource-(hcar)/890/  ; http://www.hcaog.net/sites/default/files/dar_consultant_report_0.pdf,,FALSE,,FALSE,FALSE,https://drive.google.com/file/d/1687kSSq65-zOUjec9lg9od2-0WgWqn4G/view?usp=sharing,,Only information found about this is that this service was combined with the Humboldt Transit Authority service to consolidate dial-a-ride in the county (per a report from 2015). HTA dial-a-ride is covered in line 87.
,,FALSE,Lassen Senior Services,TRUE,http://lassenseniorservices.org/services ; http://www.lassentransportation.com/connecting-services,no_online_app,FALSE,cash,FALSE,FALSE,https://drive.google.com/file/d/1syT0V9o71sKxQODDthOqe6c8vsQmCtlH/view?usp=sharing ; https://drive.google.com/file/d/1P8jVEiclxY7J94jWihjQD1PfO4qbSk-W/view?usp=sharing,,
,,FALSE,Transportation Agency for Monterey County,FALSE,https://www.tamcmonterey.org/senior-disabled-transportation-program,,FALSE,,FALSE,FALSE,https://drive.google.com/file/d/1lifIZumPuQmM2PtMtlt4_T5-uAaZs-MG/view?usp=sharing,,"Doesn't appear to provide their own paratransit service, instead they distribute grant money to organizations helping seniors/persons with disabilities access transportation"
,,FALSE,Gold Country LIFT,TRUE,https://mynevadacounty.com/2262/Paratransit-Services,PDF_form,TRUE,cash,FALSE,FALSE,https://drive.google.com/file/d/1Gj1UehmZ6lmG3AMhgkP_vqQdahzA2bOu/view?usp=sharing,,
,,FALSE,Plumas County Transportation Commission,TRUE,https://plumascounty.us/2438/Paratransit,PDF_form,FALSE,cash,FALSE,FALSE,https://drive.google.com/file/d/1LN1sSFeMSFRzfC4H71SvwV20TjdTqYwH/view?usp=sharing,Called on 2/11/2021 and spoke to Shauna at Plumas Transit. Had to call to ask about fares.,
,,FALSE,Omnitrans,FALSE,https://omnitrans.org/services/access-ada/,,FALSE,,FALSE,FALSE,,,Omnitrans only has one paratransit service (OmniAccess) that is already covered in line 125. Can't find any other service related to Omnitrans.
,,FALSE,Coastside Opportunity Center Inc.,TRUE,https://www.seniorcoastsiders.org/transportation,no_online_app,FALSE,none_fare_free,FALSE,FALSE,https://drive.google.com/file/d/1l9c4ZNLdlR9yrOgbkA5rBW5uL1c204rw/view?usp=sharing,,
,,FALSE,Community Bridges Lift Line,TRUE,https://communitybridges.org/,standard_web_based_form,FALSE,none_fare_free,FALSE,FALSE,https://drive.google.com/file/d/1T25GW4JrKO0LotLafDFPwBLjF3lDLSvu/view?usp=sharing,,
,,FALSE,Dignity Health Connected Living,FALSE,,,FALSE,,FALSE,FALSE,,,"Already covered in line 56, and cannot find any other Dignity Health transit service in CA."
,,FALSE,"Siskiyou County Local 
Transportation Commission",TRUE,https://www.co.siskiyou.ca.us/generalservices/page/stage-siskiyou-transit-and-general-express,no_online_app,FALSE,cash,FALSE,FALSE,https://drive.google.com/file/d/1GyxtBMt8ia3x2t59N1KyW_KGJYfVLcC4/view?usp=sharing,,Paratransit service not completely seperate from fixed route. Eligible passengers can request a route deviation and all buses are ADA accessible. 
,,FALSE,Solano Transportation Authority,FALSE,https://www.solanocounty.com/depts/rm/public_works/paratransit.asp,,FALSE,,FALSE,FALSE,https://drive.google.com/file/d/1ZymELfYOahhH3jxkmQAJrxQ9lruLV0PT/view?usp=sharing,,"Website for this service is outdated/shows this service is not offered anymore. The current STA program is called ""solano mobility"" which uses the ITC program (covered in line 168) and advertises paratransit from the local transit ops in SC"
,,FALSE,Trinity County Transportation Commission,FALSE,http://trinitytransit.org/,,FALSE,,FALSE,FALSE,https://drive.google.com/file/d/10_8DaSKyTIkLSxCfb6BFB1K0Vc_xx0Eu/view?usp=sharing,,"Does not appear to be any paratransit. They have a small transit service, but it is fixed-route. Does not mention paratransit, dial-a-ride, or route deviations anywhere"
,,FALSE,Tuolumne County Board of Supervisors,FALSE,https://www.tuolumnecounty.ca.gov/147/Tuolumne-County-Transportation-Council,,FALSE,,FALSE,FALSE,https://drive.google.com/file/d/1jsyZhvte6c4M90DkgWM6clte-UFvZVcL/view?usp=sharing,,Don't see anywhere where the Board of Supervisors has paratransit service
,,FALSE,Ventura County Transportation Commission,FALSE,https://www.goventura.org/getting-around/paratransit-dial-a-ride/,PDF_form,TRUE,other,FALSE,FALSE,https://drive.google.com/file/d/1Yfw02BtcfnqI44f_Pr5OH_lyho7ajJB9/view?usp=sharing,,"VCTC oversees the application/eligibility for local paratransit services in the county, but don't think they actually operate their own (many of the ones overseen are already in this sheet, and the others are added below in row 218/219)"
,,,Agoura Hills,TRUE,https://www.agourahillscity.org/our-city/residents/transportation-services/alternative-transportation,PDF_form,FALSE,cash,FALSE,FALSE,https://drive.google.com/file/d/1Vni85Lx5vhzbgyttsW0JSxDAbnr-ouog/view?usp=sharing,,Application done through VCTC
,,,Valley Express,TRUE,http://www.valleyexpressbus.org/dial-a-ride-english/,PDF_form,FALSE,cash,FALSE,FALSE,https://drive.google.com/file/d/1380MEdAEPUfuWc-Lez_favIiAnlsieeE/view?usp=sharing,,Application done through VCTC