index,EquipmentId,OrganizationId,ClassificationID,EquipmentName,VIN,LicensePlate,AgencyId,DOTId,FundedByDOT,FundingProgramId,GrantIdPrimary,OtherGrantPrimary,GrantIdSecondary,OtherGrantSecondary,DOTContractId,OtherDOTContract,UPIN,Quantity,AverageCostPerUnit,TotalCost,FederalShare,FederalSharePercent,StateShare,StateSharePercent,LocalShare,LocalSharePercent,TDCShare,TDCSharePercent,DOTCapitalResponsibility,OrganizationCapitalResponsibility,OtherCapitalResponsibility,OtherCapitalResponsibilityOrg,EquipmentClassID,EquipmentTypeID,EquipmentTypeOther,Manufacturer,Model,EquipmentYear,SerialNumber,EquipmentStatusId,ImprovementTypeId,CurrentCondition,CurrentConditionDate,ConditionRatingId,CurrentMileage,CurrentMileageDate,YearOfRenewal,RenewalTypeId,PurchaseOrderNumber,PurchaseOrderDate,Vendor,ReceivedDate,LastInspectionDate,NextInspectionDate,VehicleLocationStreet,VehicleLocationCity,VehicleLocationState,InServiceDate,AverageEstimatedServiceYearsWhenNew,UsefulLifeYearsRemaining,OutOfServiceDate,IsDOTLienHolder,IsTitleOnFileWithDOT,TitleNumber,RegistrationNumber,Comments,DispositionDate,sys_ModifiedUserId
0,5,3670,1,Service Vehilce,1GKDT13Z4N2518038,E372017,7,,False,,,,,,,,,,,,,,,,,,,,,,,,1,1,,GMC,,1992,,1,,,8/31/2018 12:00:00 AM,5,146413,1/3/2020 12:00:00 AM,,,,,,,,,,,,,8,28,,False,,,,,,2630
1,6,3670,2,Back up power generator,,,,,False,,,,,,,,,,,82752.00,,,82752.00,100.00,,,,,,,,,4,15,Power generator,Kohler,,2014,SGM32B9K4,1,,,,,,,,,,,,,,,,,,,,,,False,,,,,,2630
2,7,3682,2,Fixed Route Fare Boxes,,,,,False,,,,,,,,,,,117950.00,,,,,117950.00,100.00,,,,,,,2,4,,GFI GENFARE,Odyssey,2009,OD028592,1,1,3.0,12/7/2017 12:00:00 AM,3,,,,,,,,,,,,,,1/2/2010 12:00:00 AM,,,,False,,,,,,2030
3,9,3682,2,Fare Box Computer System,,,,,False,,,,,,,,,1,40500.00,,,,,,40500.00,,,,,,,,2,4,,GFI GENFARE,,2009,,1,1,2.5,12/7/2017 12:00:00 AM,3,,,,,,,,,,,,,,,,,,False,,,,,,2030
4,10,3713,1,Safari Van,1GKDM19WXYB545419,E-1087779,003,1675,True,27,,,,,,,,,,19827.00,,,,,,,,,,,,,1,2,,GMC,,2000,,1,,,,,85973,12/5/2017 12:00:00 AM,,,,7/19/2000 12:00:00 AM,,,,,,,,,14,,,False,False,,,,,1944
5,11,3713,1,F350 Flat Bed,1FDWF36S81EA24730,E-1087782,101,1675,True,27,,,,,,,,,,31218.00,,,,,,,,,,,,,1,2,,Ford,,2001,,1,,,,,51658,12/5/2017 12:00:00 AM,,,,,,,,,,,,,14,,,False,False,,,,,1944
6,12,3713,1,F250 Service Body,1FTNF20L51EA53355,E-1087780,103,1675,True,27,,,,,,,,,,24705.00,,,,,,,,,,,,,1,2,,Ford,,2001,,1,,,,,106745,12/5/2017 12:00:00 AM,,,,12/29/2000 12:00:00 AM,,,,,,,,,14,,,False,False,,,,,1944
7,13,3713,1,Explorer,1FMZU63E42UA23813,E-1087797,202,1675,True,27,,,,,,,,,,26641.00,,,,,,,,,,,,,1,1,,Ford,,2002,,5,,,,,203283,12/5/2017 12:00:00 AM,,,,3/30/2001 12:00:00 AM,,,,,,,,,8,,,False,False,,,,,2951
8,14,3713,1,Prius,JT2BK18U020042342,E-1120610,203,1675,True,27,,,,,,,,,,22230.00,,,,,,,,,,,,,1,1,,Toyota,,2002,,1,,,,,65380,12/5/2017 12:00:00 AM,,,,10/24/2001 12:00:00 AM,,,,,,,,,8,,,False,False,,,,,1944
9,15,3713,1,Venture,1GNDX03E22D155107,E-1120725,206,1675,True,26,,,,,,,,,,36022.00,,,,,,,,,,,,,1,2,,Chevrolet,,2002,,5,,,,5,221602,12/5/2017 12:00:00 AM,,,,3/15/2002 12:00:00 AM,,,,,,,,,14,,,False,False,,,,,2951
10,16,3713,1,Venture,1GNDX03E32D155195,E-1101687,207,1675,True,26,,,,,,,,,,36022.00,,,,,,,,,,,,,1,2,,Chevrolet,,2002,,5,,,,5,201913,12/5/2017 12:00:00 AM,,,,4/4/2002 12:00:00 AM,,,,,,,,,14,,,False,False,,,,,2951
11,17,3713,1,Venture,1GBDX23EX3D263288,E-1163038,317,1675,True,26,,,,,,,,,,42244.00,,,,,,,,,,,,,1,2,,Chevrolet,,2003,,5,,,,5,207160,12/5/2017 12:00:00 AM,,,,10/14/2003 12:00:00 AM,,,,,,,,,14,,,False,False,,,,,2951
12,18,3713,1,C1500 Pickup,1GCEC14T34E338282,E-1168859,401,1675,True,27,,,,,,,,,,15035.00,,,,,,,,,,,,,1,2,,Chevrolet,,2004,,1,,,,,66522,12/5/2017 12:00:00 AM,,,,5/17/2004 12:00:00 AM,,,,,,,,,14,,,False,False,,,,,1944
13,19,3713,1,Civic Sedan,JHMES96625S014802,E-1192214,501,1675,True,27,,,,,,,,,,22892.00,,,,,,,,,,,,,1,1,,Honda,,2005,,1,,,,,43685,12/5/2017 12:00:00 AM,,,,3/24/2005 12:00:00 AM,,,,,,,,,8,,,False,False,,,,,1944
14,20,3713,1,Civic Sedan/Hybrid,JHMES96645S014803,E-1192215,502,1675,True,27,,,,,,,,,,22892.00,,,,,,,,,,,,,1,1,,Honda,,2005,,1,,,,,23935,12/5/2017 12:00:00 AM,,,,3/24/2005 12:00:00 AM,,,,,,,,,8,14,,False,False,,,,,3217
15,21,3713,1,Explorer,1FMZU63E75ZA68655,E-1192233,503,1675,True,27,,,,,,,,,,25113.00,,,,,,,,,,,,,1,1,,Ford,,2005,,1,,,,,195725,12/5/2017 12:00:00 AM,,,,5/24/2005 12:00:00 AM,,,,,,,,,8,,,False,False,,,,,1944
16,22,3713,1,C2500 Pickup,1GCGC24U85E265158,E-1192234,504,1675,True,27,,,,,,,,,,26543.00,,,,,,,,,,,,,1,2,,Chevrolet,,2005,,1,,,,,42038,12/5/2017 12:00:00 AM,,,,7/12/2005 12:00:00 AM,,,,,,,,,14,,,False,False,,,,,1944
17,23,3713,1,C2500 Pickup,1GCGC29UX5E266014,E-1209457,505,1675,True,27,,,,,,,,,,29288.00,,,,,,,,,,,,,1,2,,Chevrolet,,2005,,1,,,,,62730,12/5/2017 12:00:00 AM,,,,8/26/2005 12:00:00 AM,,,,,,,,,14,,,False,False,,,,,1944
18,24,3713,1,Colorado Pickup,1GCCS146968298943,E-1226369,601,1675,True,27,,,,,,,,,,13146.00,,,,,,,,,,,,,1,2,,Chevrolet,,2006,,1,,,,,103875,12/5/2017 12:00:00 AM,,,,5/24/2006 12:00:00 AM,,,,,,,,,14,,,False,False,,,,,1944
19,25,3713,1,Explorer,1FMEU63E56ZA19504,E-1226386,602,1675,True,27,,,,,,,,,,26777.00,,,,,,,,,,,,,1,1,,Ford,,2006,,1,,,,,150620,12/5/2017 12:00:00 AM,,,,7/21/2006 12:00:00 AM,,,,,,,,,8,,,False,False,,,,,1944
20,26,3713,1,F250 Service Body,1FDNF20547EA22958,E-1241259,603,1675,True,27,,,,,,,,,,25085.00,,,,,,,,,,,,,1,2,,Ford,,2006,,1,,,,,52073,12/5/2017 12:00:00 AM,,,,7/24/2006 12:00:00 AM,,,,,,,,,14,,,False,False,,,,,1944
21,27,3713,1,Focus Sedan,1FAHP34N57W183477,E-1263661,707,1675,True,27,,,,,,,,,,14015.00,,,,,,,,,,,,,1,1,,Ford,,2007,,1,,,,,104377,12/5/2017 12:00:00 AM,,,,10/1/2006 12:00:00 AM,,,,,,,,,8,,,False,False,,,,,1944
22,28,3713,1,F550 Service Truck,1FDAF56Y77EB28208,E-1253042,708,1675,True,27,,,,,,,,,,61457.00,,,,,,,,,,,,,1,2,,Ford,,2007,,1,,,,,74406,12/5/2017 12:00:00 AM,,,,4/1/2007 12:00:00 AM,,,,,,,,,14,,,False,False,,,,,1944
23,29,3713,1,Focus Sedan,1FAHP34N47W312549,E-1263683,714,1675,True,27,,,,,,,,,,14210.00,,,,,,,,,,,,,1,1,,Ford,,2007,,1,,,,,142290,12/5/2017 12:00:00 AM,,,,6/1/2007 12:00:00 AM,,,,,,,,,8,,,False,False,,,,,1944
24,30,3713,1,Civic Sedan/Hybrid,JHMFA36227S025688,E-1302580,717,1675,True,27,,,,,,,,,,26293.00,,,,,,,,,,,,,1,1,,Honda,,2007,,1,,,,,26101,12/5/2017 12:00:00 AM,,,,2/1/2008 12:00:00 AM,,,,,,,,,8,,,False,False,,,,,1944
25,31,3713,1,F150 Pickup,1FTRF12W28KD35709,E-1284546,801,1675,True,27,,,,,,,,,,16559.00,,,,,,,,,,,,,1,2,,Ford,,2008,,1,,,,,33973,12/5/2017 12:00:00 AM,,,,3/1/2008 12:00:00 AM,,,,,,,,,14,,,False,False,,,,,1944
26,32,3713,1,F150 Pickup,1FTRF12W98KD35710,E-1284547,802,1675,True,27,,,,,,,,,,16559.00,,,,,,,,,,,,,1,2,,Ford,,2008,,1,,,,,50357,12/5/2017 12:00:00 AM,,,,3/1/2008 12:00:00 AM,,,,,,,,,14,,,False,False,,,,,1944
27,33,3713,1,G1500 Express Van,1GNFG154081195800,E-1297753,803,1675,True,27,,,,,,,,,,21981.00,,,,,,,,,,,,,1,2,,Chevrolet,,2008,,1,,,,,56062,12/5/2017 12:00:00 AM,,,,4/1/2008 12:00:00 AM,,,,,,,,,14,,,False,False,,,,,1944
28,34,3713,1,Prius,JTDKB20U183398217,E-1297757,804,1675,True,27,,,,,,,,,,25601.00,,,,,,,,,,,,,1,1,,Toyota,,2008,,1,,,,,16217,12/5/2017 12:00:00 AM,,,,4/1/2008 12:00:00 AM,,,,,,,,,8,,,False,False,,,,,1944
29,35,3713,1,F250 Service Body,1FDNF20588ED51986,E-1297758,805,1675,True,27,,,,,,,,,,27549.00,,,,,,,,,,,,,1,2,,Ford,,2008,,1,,,,,42707,12/5/2017 12:00:00 AM,,,,4/1/2008 12:00:00 AM,,,,,,,,,14,,,False,False,,,,,1944
30,36,3713,1,F250 Service Body,1FDNF205X8ED51987,E-1297759,806,1675,True,27,,,,,,,,,,27549.00,,,,,,,,,,,,,1,2,,Ford,,2008,,1,,,,,48592,12/5/2017 12:00:00 AM,,,,4/1/2008 12:00:00 AM,,,,,,,,,14,,,False,False,,,,,1944
31,37,3713,1,Escape Hybrid,1FMCU49H88KE43526,E-1291360,807,1675,True,27,,,,,,,,,,26887.00,,,,,,,,,,,,,1,1,,Ford,,2008,,1,,,,,241865,12/5/2017 12:00:00 AM,,,,6/1/2008 12:00:00 AM,,,,,,,,,8,,,False,False,,,,,1944
32,38,3713,1,Heli Dump Truck,2FDLF47G9NCA97880,E-372142,908,1675,True,27,,,,,,,,,,23016.00,,,,,,,,,,,,,1,2,,Ford,,1992,,1,,,,,76743,12/5/2017 12:00:00 AM,,,,8/30/1992 12:00:00 AM,,,,,,,,,14,,,False,False,,,,,1944
33,39,3713,1,Civic Sedan/CNG,19XFB5F5XCE002113,E-1371582,1212,1675,True,27,,,,,,,,,,29628.00,,,,,,,,,,,,,1,1,,Honda,,2012,,1,,,,,11412,12/5/2017 12:00:00 AM,,,,11/1/2012 12:00:00 AM,,,,,,,,,8,,,False,False,,,,,1944
34,40,3713,1,Civic Sedan/CNG,19XFB5F51CE002128,E-1371583,1213,1675,True,27,,,,,,,,,,29628.00,,,,,,,,,,,,,1,1,,Honda,,2012,,1,,,,,11581,12/5/2017 12:00:00 AM,,,,11/1/2012 12:00:00 AM,,,,,,,,,8,,,False,False,,,,,1944
35,41,3713,1,Escape SE,1FMCU0GXXEUA54079,E-1431866,1401,1675,True,27,,,,,,,,,,33253.00,,,,,,,,,,,,,1,1,,Ford,,2014,,1,,,,,154789,12/5/2017 12:00:00 AM,,,,6/30/2014 12:00:00 AM,,,,,,,,,8,,,False,False,,,,,1944
36,42,3713,1,Escape SE,1FMCU0G9XEUC31358,E-1439659,1402,1675,True,27,,,,,,,,,,33253.00,,,,,,,,,,,,,1,1,,Ford,,2014,,1,,,,,12024,12/5/2017 12:00:00 AM,,,,6/30/2014 12:00:00 AM,,,,,,,,,8,,,False,False,,,,,1944
37,43,3713,1,Focus ,1FADP3E2 2EL323342,E-1449008,1403,1675,True,27,,,,,,,,,,17877.00,,,,,,,,,,,,,1,1,,Ford,,2014,,1,,,,,6512,12/5/2017 12:00:00 AM,,,,7/28/2014 12:00:00 AM,,,,,,,,,8,,,False,False,,,,,1944
38,44,3713,1,Focus,1FADP3E2 4EL323343,E-1449007,1404,1675,True,27,,,,,,,,,,17877.00,,,,,,,,,,,,,1,1,,Ford,,2014,,1,,,,,6124,12/5/2017 12:00:00 AM,,,,7/28/2014 12:00:00 AM,,,,,,,,,8,,,False,False,,,,,1944
39,45,3713,1,Focus,1FADP3E2 6EL323344,E-1449009,1405,1675,True,27,,,,,,,,,,17877.00,,,,,,,,,,,,,1,1,,Ford,,2014,,1,,,,,7325,12/5/2017 12:00:00 AM,,,,7/28/2014 12:00:00 AM,,,,,,,,,8,,,False,False,,,,,1944
40,46,3713,1,T-250 Cargo Van,1FTYR2CMHKA86644,E-1527872,1716,1675,True,26,,,,,,,,,,33733.00,,,,,,,,,,,,,1,2,,Ford,,2017,,1,,,,,662,12/5/2017 12:00:00 AM,,,,6/20/2017 12:00:00 AM,,,,,,,,,14,,,False,False,,,,,2951
41,47,3713,1,Police Interceptor SUV,1FM5K8AR5HGD59239,E-1533928,1717,1675,True,26,,,,,,,,,,28891.00,,,,,,,,,,,,,1,2,,Ford,,2017,,1,,,,,423,12/5/2017 12:00:00 AM,,,,8/29/2017 12:00:00 AM,,,,,,,,,14,,,False,False,,,,,2951
42,48,3713,1,Focus,1FADP3E25HL333688,,1718,1675,True,26,,,,,,,,,,17698.00,,,,,,,,,,,,,1,1,,Ford,,2017,,1,,,,,191,12/5/2017 12:00:00 AM,,,,9/19/2017 12:00:00 AM,,,,,,,,,8,,,False,False,,,,,2951
43,49,3713,1,Focus,1FADP3E27HL333689,,1719,1675,True,27,,,,,,,,,,17698.00,,,,,,,,,,,,,1,1,,Ford,,2017,,1,,,,,477,12/5/2017 12:00:00 AM,,,,9/19/2017 12:00:00 AM,,,,,,,,,8,,,False,False,,,,,1944
44,50,3713,1,Focus,1FADP3E23HL333690,,1720,1675,True,27,,,,,,,,,,17698.00,,,,,,,,,,,,,1,1,,Ford,,2017,,1,,,,,292,12/5/2017 12:00:00 AM,,,,9/19/2017 12:00:00 AM,,,,,,,,,8,,,False,False,,,,,1944
45,51,3713,1,Focus,1FADP3E25HL333691,,1721,1675,True,27,,,,,,,,,,17698.00,,,,,,,,,,,,,1,1,,Ford,,2017,,1,,,,,578,12/5/2017 12:00:00 AM,,,,10/3/2017 12:00:00 AM,,,,,,,,,8,,,False,False,,,,,1944
46,52,3713,1,Focus,1FADP3E27HL333692,,1722,1675,True,27,,,,,,,,,,17698.00,,,,,,,,,,,,,1,1,,Ford,,2017,,1,,,,,289,12/5/2017 12:00:00 AM,,,,9/19/2017 12:00:00 AM,,,,,,,,,8,,,False,False,,,,,1944
47,53,3713,1,Focus,1FADP3E29HL333693,,1723,1675,True,27,,,,,,,,,,17698.00,,,,,,,,,,,,,1,1,,Ford,,2017,,1,,,,,242,12/5/2017 12:00:00 AM,,,,9/19/2017 12:00:00 AM,,,,,,,,,8,,,False,False,,,,,1944
48,54,3713,1,F250,1FDBF2A6XHEE34250,,1724,1675,True,27,,,,,,,,,,34980.00,,,,,,,,,,,,,1,2,,Ford,,2017,,1,,,,,867,12/5/2017 12:00:00 AM,,,,9/28/2017 12:00:00 AM,,,,,,,,,14,,,False,False,,,,,1944
49,55,3713,1,Transporter,1FTSS34L66DA91642,E-1258197,2604,1675,True,27,,,,,,,,,,55255.00,,,,,,,,,,,,,1,2,,Ford/Braun,,2006,,1,,,,5,120520,12/5/2017 12:00:00 AM,,,,1/1/2008 12:00:00 AM,,,,,,,,,14,,,False,False,,,,,1944
50,56,3713,1,Transporter,1FTSS34L67DB28979,E-1258201,2701,1675,True,27,,,,,,,,,,53573.00,,,,,,,,,,,,,1,2,,Ford/Braun,,2007,,1,,,,5,140679,12/5/2017 12:00:00 AM,,,,1/1/2008 12:00:00 AM,,,,,,,,,14,,,False,False,,,,,1944
51,57,3713,1,S1900 Service Truck,1HTLDMJL6GHA15346,E-484756,8026,1675,False,27,,,,,,,,,,51679.00,,,,,,,,,,,,,1,2,,International ,,1985,,1,,,,,101652,12/5/2017 12:00:00 AM,,,,9/20/1985 12:00:00 AM,,,,,,,,,14,34,,False,False,,,,,2951
52,58,3713,1,E250 Cargo Van,1FTNS24Z7XHB94218,E-1032382,9951,1675,True,27,,,,,,,,,,22090.00,,,,,,,,,,,,,1,2,,Ford,,1999,,1,,,,,162788,12/5/2017 12:00:00 AM,,,,9/7/1999 12:00:00 AM,,,,,,,,,14,,,False,False,,,,,1944
53,59,3713,1,Focus Sedan,1FAHP34N17W183475,E-1263659,705,1675,True,27,,,,,,,,,,14015.00,,,,,,,,,,,,,1,1,,Ford,,2007,,1,,,,,137120,12/5/2017 12:00:00 AM,,,,10/1/2006 12:00:00 AM,,,,,,,,,8,,,False,False,,,,,1944
54,60,3713,1,Focus Sedan,1FAHP34N57W312544,E-1263688,709,1675,True,27,,,,,,,,,,14210.00,,,,,,,,,,,,,1,1,,Ford,,2007,,1,,,,,150529,12/5/2017 12:00:00 AM,,,,6/1/2007 12:00:00 AM,,,,,,,,,8,,,False,False,,,,,1944
55,61,3713,1,Focus Sedan,1FAHP34N77W312545,E-1263687,710,1675,True,27,,,,,,,,,,14210.00,,,,,,,,,,,,,1,1,,Ford,,2007,,1,,,,,139867,12/5/2017 12:00:00 AM,,,,6/1/2007 12:00:00 AM,,,,,,,,,8,,,False,False,,,,,1944
56,62,3713,1,Focus Sedan,1FAHP34N97W312546,E-1263686,711,1675,True,27,,,,,,,,,,14210.00,,,,,,,,,,,,,1,1,,Ford,,2007,,1,,,,,165138,12/5/2017 12:00:00 AM,,,,6/1/2007 12:00:00 AM,,,,,,,,,8,,,False,False,,,,,1944
57,63,3713,1,Focus Sedan,1FAHP34N07W312547,E-1263685,712,1675,True,27,,,,,,,,,,14210.00,,,,,,,,,,,,,1,1,,Ford,,2007,,1,,,,,160524,12/5/2017 12:00:00 AM,,,,6/1/2007 12:00:00 AM,,,,,,,,,8,,,False,False,,,,,1944
58,64,3713,1,Focus Sedan,1FAHP34N07W312550,E-1263682,715,1675,True,27,,,,,,,,,,14210.00,,,,,,,,,,,,,1,1,,Ford,,2007,,1,,,,,175680,12/5/2017 12:00:00 AM,,,,6/1/2007 12:00:00 AM,,,,,,,,,8,,,False,False,,,,,1944
59,67,3679,1,Gold Country Stage Staff Vehicle,1FMCU92Z58KD40838,,26760,,False,,,,,,,,,,,,,,,,,,,,,,,,1,1,,Ford,Escape,2008,,1,,3.0,12/14/2017 12:00:00 AM,3,43736,10/2/2017 12:00:00 AM,,,,,,,,,,,,9/1/2007 12:00:00 AM,8,,,False,,,,,,2701
60,68,3679,1,Gold Country Stage Staff Vehicle,1FMCU9D72CKB79157,,26983,,False,,,,,,,,,,,,,,,,,,,,,,,,1,1,,Ford,Escape,2012,,1,,3.7,12/14/2017 12:00:00 AM,3,16293,10/2/2017 12:00:00 AM,,,,,,,,,,,,8/1/2011 12:00:00 AM,8,,,False,,,,,,2701
61,69,3663,1,800,9105989,1007613,HTA,,False,,,,,,,,,1,25000.00,,,,,,,,,,,,,,1,1,,Chevy,Implala,2000,9105989,1,,0.5,12/15/2017 12:00:00 AM,5,150000,12/15/2017 12:00:00 AM,,,,,,,,,,,,1/3/2000 12:00:00 AM,8,,,False,True,,,,,1700
62,70,3663,1,801,W322523,1321241,HTA,,False,,,,,,,,,1,25000.00,,,,,,,,,,,,,,1,1,,Ford,Focus,2007,W322523,1,,1.5,12/15/2017 12:00:00 AM,3,60000,12/15/2017 12:00:00 AM,,,,,,,,,,,,7/28/2009 12:00:00 AM,8,,,False,True,,,,,1700
63,71,3663,1,802,PA55702,1321242,HTA,,False,,,,,,,,,1,35000.00,,,,,,,,,,,,,,1,2,,Ford,Ranger,2006,PA55702,1,,4.0,12/15/2017 12:00:00 AM,2,50000,12/15/2017 12:00:00 AM,,,,,,,,,,,,7/28/2009 12:00:00 AM,14,14,,False,,,,,,1700
64,72,3679,1,Gold Country Stage Service Unit,1FT7W2B66CEB84586,,26999,,False,,,,,,,,,,,,,,,,,,,,,,,,1,2,,Ford,F250,2012,,1,,3.8,12/15/2017 12:00:00 AM,2,18731,10/2/2017 12:00:00 AM,,,,,,,,,,,,11/1/2011 12:00:00 AM,14,,,False,,,,,,2701
65,73,3663,1,803,A014912,1188042,HTA,,False,,,,,,,,,1,25000.00,,,,,,,,,,,,,,1,1,,Honda,Accord,2006,A014912,1,,3.5,,2,20000,,,,,,,,,,,,,12/9/2005 12:00:00 AM,8,,,False,,,,,,1700
66,74,3663,1,809,6955838,1415905,HTA,,False,,,,,,,,,1,25000.00,,,,,,,,,,,,,,1,1,,Kia,,2011,6955838,1,,3.5,12/15/2017 12:00:00 AM,3,48000,,,,,,,,,,,,,2/21/2013 12:00:00 AM,8,,,False,,,,,,1700
67,75,3663,1,810,G211758,1170212,HTA,,False,,,,,,,,,1,60000.00,,,,,,,,,,,,,,1,2,,Dodge,Ram,2004,G211758,1,,4.0,12/15/2017 12:00:00 AM,2,115000,12/15/2017 12:00:00 AM,,,,,,,,,,,,5/10/2004 12:00:00 AM,14,16,,False,,,,,,1700
68,76,3663,1,811,R108728,1415900,HTA,,False,,,,,,,,,1,25000.00,,,,,,,,,,,,,,1,1,,Ford,Fusion,2013,R108728,1,,5.0,12/15/2017 12:00:00 AM,1,68000,12/15/2017 12:00:00 AM,,,,,,,12/15/2017 12:00:00 AM,,,,,2/21/2013 12:00:00 AM,8,7,,False,,,,,,1700
69,77,3663,1,812,GH275242,1447728,HTA,,False,,,,,,,,,1,172000.00,,,,,,,,,,,,,,1,1,,International ,Truck,2016,GH275242,1,,4.0,12/15/2017 12:00:00 AM,2,6000,,,,,,,,,,,,,9/27/2016 12:00:00 AM,8,,,False,,,,,,1700
70,78,3985,1,EXCEED Hemet #017,1FDFE4FS7HDC78017,00443K2,#017,,True,35,61,,,,0,SA64AC16-00044,,1,,,,,,,,,,,,,,,1,2,,Ford,Allstar,2017,,1,1,4.5,8/22/2019 12:00:00 AM,1,21659,7/31/2019 12:00:00 AM,,,01-15-23-19C,4/6/2017 12:00:00 AM,Creative Bus Sales,10/23/2017 12:00:00 AM,,,1285 North Santa Fe St.,Hemet,CA,12/16/2017 12:00:00 AM,14,2,,True,True,,,,,2440
71,79,3985,1,EXCEED Perris #0035,2D4RN4DG5BR770035,DP125DD,#035,,True,35,61,,0,,0,649556,,1,,,,,,,,,,,,,,,1,2,,Dodge,Entervan,2011,2D4RN4DG5BR770035,2,1,0.1,1/29/2019 12:00:00 AM,5,128925,8/15/2019 12:00:00 AM,,,,,,,,,1285 N. Santa Fe St.,Hemet,CA,1/6/2012 12:00:00 AM,14,8,11/1/2017 12:00:00 AM,True,True,,,,,2440
72,80,3985,1,EXCEED Santa Fe #014,1GBDV13167D101113,9614CDP,#014,,True,35,61,,0,,0,,,1,,,,,,,,,,,,,,,1,2,,Chevrolet,Uplander,2007,,3,1,0.1,9/3/2019 12:00:00 AM,5,75173,8/15/2019 12:00:00 AM,,,,,,,,,,,,11/15/2006 12:00:00 AM,14,12,,False,False,,,,,2440
73,81,3985,1,EXCEED Santa Fe #022,2D4RN4DG0BR770038,58022E1,#022,,True,35,61,,0,,0,,,1,,,,,,,,,,,,,,,1,2,,Dodge,Caravan,2011,,1,1,3.8,8/22/2019 12:00:00 AM,3,97907,8/15/2019 12:00:00 AM,,,,,,,,,1285 North Santa Fe St.,Hemet,CA,1/6/2012 12:00:00 AM,14,8,,True,True,,,,,2440
74,82,3985,1,EXCEED Santa Fe #550,1FDFE4FS4CDA13550,30341F1,#550,,True,35,61,,0,,0,,,1,,,,,,,,,,,,,,,1,2,,Ford,Senator/E-450 Bus,2011,,1,1,2.5,8/22/2019 12:00:00 AM,3,116699,8/15/2019 12:00:00 AM,,,,,,,,,1285 North Santa Fe St.,Hemet,CA,2/22/2012 12:00:00 AM,14,8,,True,True,,,,,2440
75,83,3985,1,EXCEED Santa Fe #71,1FDEE3FL4CDA02711,89876D1,#71,,True,35,61,,0,,0,,,1,,,,,,,,,,,,,,,1,2,,Ford,E-350 Bus,2012,,1,1,2.5,8/22/2019 12:00:00 AM,3,137323,7/31/2019 12:00:00 AM,,,,,,,,,,,,12/29/2011 12:00:00 AM,14,7,,False,False,,,,,2440
76,84,3985,1,EXCEED Perris #00,1FDFE4FS9BDB26800,89878D1,#00,,True,35,61,,0,,0,,,1,,,,,,,,,,,,,,,1,2,,Ford,E-450 Bus,2011,,1,1,2.5,8/22/2019 12:00:00 AM,3,149196,7/31/2019 12:00:00 AM,,,,,,,,,2050 Trumble Rd.,Perris,CA,12/29/2011 12:00:00 AM,14,8,,False,False,,,,,2440
77,85,3985,1,EXCEED Perris #710,1FDEE3FL2CDA02710,89875D1,#710,,True,35,61,,,,,,,1,,,,,,,,,,,,,,,1,2,,Ford,E-350 Bus,2012,,1,1,3.0,8/22/2019 12:00:00 AM,2,171117,7/31/2019 12:00:00 AM,,,,,,,,,,,,12/29/2011 12:00:00 AM,14,7,,False,False,,,,,2440
78,86,3985,1,EXCEED Perris #801,1FDFE4FS0BDB26801,89879D1,#801,,True,35,61,,0,,0,,,1,,,,,,,,,,,,,,,1,2,,Ford,E-450 Bus,2011,,2,1,1.0,8/22/2019 12:00:00 AM,5,146961,8/15/2019 12:00:00 AM,,,,,,,,,1285 N. Santa Fe St.,Hemet,CA,12/29/2011 12:00:00 AM,14,8,8/22/2019 12:00:00 AM,False,False,,,,,2440
79,87,3985,1,EXCEED Hemet #974,1FDEE3FL3CDA02974,89877D1,#974,,True,35,61,,0,,0,,,1,,,,,,,,,,,,,,,1,2,,Ford,E-350 Bus,2011,,1,1,2.5,8/22/2019 12:00:00 AM,3,74533,8/29/2019 12:00:00 AM,,,,,,,,,1285 North Santa Fe St.,Hemet,CA,12/29/2011 12:00:00 AM,14,8,,True,True,,,,,2440
80,88,3985,1,EXCEED Casa #401,1D4GP24R76B548401,9763GDP,#401,,True,35,61,,0,,0,,,1,,,,,,,,,,,,,,,1,2,,Dodge,Caravan,2006,,1,1,1.0,8/22/2019 12:00:00 AM,4,91413,8/29/2019 12:00:00 AM,,,,,,,,,1285 North Santa Fe St.,Hemet,,2/1/2006 12:00:00 AM,14,13,,False,False,,,,,2440
81,89,3755,2,Bus Washer ,,,,,True,33,0,ARRA,,,,,,1,,35678.00,35678.00,100.00,,,,,,,,,,,4,15,,Unknown ,,2010,,2,3,2.5,,4,,,,,,,,,,,,,,10/2/2010 12:00:00 AM,,,,False,False,,,,,2734
82,91,3755,2,Transit Shelter,,,,,True,29,0,CA-90-X948,0,LTF,,,,,,7400.00,5920.00,80.00,,,1480.00,20.00,,,,,,,4,10,,Unknown ,,1998,,1,,,,,,,,,,,,,,,,,,4/1/1998 12:00:00 AM,,,,False,,,,,,2734
83,92,3755,2,Transit Shelters ,,,,,True,29,0,CA-90-X948,0,LTF,,,,5,4543.57,22717.00,18173.00,80.00,,,4543.00,20.00,,,,,,,4,10,,Unknown ,,1998,,1,,,,,,,,,,,,,,,,,,4/6/1998 12:00:00 AM,,,,False,,,,,,2734
84,93,3755,2,Transit Shelters ,,,,,True,29,0,CA-90-X948,0,LTF,,,,4,4743.14,18972.00,15177.00,80.00,,,3794.00,20.00,,,,,,,4,10,,Unknown ,,1999,,1,,,,,,,,,,,,,,,,,,5/25/1999 12:00:00 AM,,,,False,,,,,,2734
85,94,3755,2,Transit Shelters,,,,,True,29,0,CA-90-Y034,0,LTF,,,,14,3998.65,55981.00,44784.00,80.00,,,11196.00,20.00,,,,,,,4,10,,Unknown ,,2000,,1,,,,,,,,,,,,,,,,,,7/1/2000 12:00:00 AM,,,,False,,,,,,2734
86,95,3755,2,Transit Shelters,,,,,True,29,0,CA-90-Y384,0,LTF,,,,10,5411.91,54119.00,43295.00,80.00,,,10823.00,20.00,,,,,,,4,10,,OASIS ,,2004,,1,,,,,,,,,,,,,,,,,,4/13/2004 12:00:00 AM,,,,False,,,,,,2734
87,96,3755,2,Transit Shelters,,,,,False,29,0,CA-90-Y425,0,LTF,,,,5,5437.80,27189.00,21751.00,80.00,,,5437.00,20.00,,,,,,,4,10,,Oasis,,2005,,1,,,,,,,,,,,,,,,,,,6/17/2005 12:00:00 AM,,,,False,,,,,,2734
88,97,3755,2,Transit Shelters,,,,,True,29,0,CA-90-Y552,0,LTF,,,,9,5288.46,47596.00,38076.00,80.00,,,9519.00,20.00,,,,,,,4,10,,OASIS ,,2010,,1,,,,,,,,,,,,,,,,,,4/2/2010 12:00:00 AM,,,,False,,,,,,2734
89,98,3755,2,Transit Shelters,,,,,True,29,,,,,,,,3,4097.01,12291.00,9832.00,79.99,,,2458.00,20.00,,,,,,,4,10,,Oasis,,2003,,1,,,,,,,,,,,,,,,,,,5/16/2003 12:00:00 AM,,,,False,,,,,,2734
90,99,3755,2,Transit Shelters,,,,,False,,,,,,,,,12,5437.80,65253.00,52202.00,80.00,,,13050.00,20.00,,,,,,,4,10,,Unknown ,,2005,,1,,,,,,,,,,,,,,,,,,6/17/2005 12:00:00 AM,,,,False,,,,,,2734
91,100,3755,2,Transit Shelters,,,,,False,,,,,,,,,17,4873.13,82843.00,66274.00,80.00,,,16568.00,20.00,,,,,,,4,10,,Unknown ,,2007,,1,,,,,,,,,,,,,,,,,,6/30/2007 12:00:00 AM,,,,False,,,,,,2734
92,101,3755,2,Transit Shelters,,,,,False,,,,,,,,,14,5491.46,76880.00,,,,,,,,,,,,,4,10,,Oasis,,2008,,1,,,,,,,,,,,,,,,,,,7/22/2008 12:00:00 AM,,,,False,,,,,,2734
93,102,3755,2,Transit Shelters,,,,,True,29,,,,,,,,9,4434.34,39909.00,,,,,,,,,,,,,4,10,,Oasis,,2010,,1,,,,,,,,,,,,,,,,,,4/2/2010 12:00:00 AM,,,,False,,,,,,2734
94,104,3755,2,Transit Shelter ,,,,,True,29,,,,,,,,1,,6528.00,,,,,,,,,,,,,4,10,,Unknown ,,1998,,1,,,,,,,,,,,,,,,,,,3/17/1998 12:00:00 AM,,,,False,,,,,,2734
95,105,3755,2,Transit Shelter ,,,,,True,29,,,,,,,,1,,6753.00,,,,,,,,,,,,,4,10,,Unknown ,,2000,,1,,,,,,,,,,,,,,,,,,7/1/2000 12:00:00 AM,,,,False,,,,,,2734
96,106,3755,2,Transit Shelters,,,,,True,29,,,,,,,,2,5057.97,10115.00,,,,,,,,,,,,,4,10,,Oasis,,2003,,1,,,,,,,,,,,,,,,,,,5/16/2003 12:00:00 AM,,,,False,,,,,,2734
97,108,3755,2,GA Printing Encoding Machine ,,,,,False,,0,CA-95-X017,0,LTF,,,,1,,14147.00,,,,,,,,,,,,,4,14,Office Equipment ,Unknown ,,2009,,1,,,,,,,,,,,,,,,,,,6/30/2009 12:00:00 AM,,,,False,,,,,,2734
98,109,3709,1,2015 Ford Shop Truck,1FDRF3B64FEB32470,1250080,1,,True,27,,,,,,,,,,40000.00,,,,,,,,,100.00,0.00,,,1,2,,Ford,,2015,,1,,3.0,11/21/2019 12:00:00 AM,1,,,,,,,,,,,,,,,14,,,False,,,,,,2311
99,110,3951,2,Mobile Radio,,,,,True,23,0,61,,,,,,,,4000.00,3541.00,88.53,,,459.00,11.48,,,,,,,3,6,,Crystal Communications,,2015,,1,1,4.5,4/5/2018 12:00:00 AM,1,,,,,,,,,7/30/2015 12:00:00 AM,7/30/2018 12:00:00 AM,,,,,,,,False,False,,,,,2788
100,111,3738,1,Transit Connect,NM0LS7BN3DT140196,1407490,,,False,,,,,,,,,,,38000.00,,,,,38000.00,100.00,,,,,,,1,1,,FORD,TRANSIT CONNECT,2013,,1,,,,,93109,9/1/2018 12:00:00 AM,,,,,,,,,,,,,8,5,,False,,,,,,2049
101,112,3738,1,Shop Truck (CNG),1FT7X2B63CEB84347,1387021,,,False,,,,,,,,,,,42000.00,,,,,42000.00,100.00,,,,,,,1,2,,FORD,F-250,2012,,1,,,,,98671,9/1/2018 12:00:00 AM,,,,,,,,,,,,,14,6,,False,False,,,,,2049
102,113,3738,1,Maint Truck,1FTYR10U24PA91187,1203097,,,False,,,,,,,,,,,24000.00,,,,,24000.00,100.00,,,,,,,1,2,,FORD,RANGER,2004,,1,,,,,203956,9/1/2018 12:00:00 AM,,,,,,,,,,,,,14,14,,False,False,,,,,2049
103,114,3738,1,Supervisor Van,2D4RN4DE1AR455049,1358594,,,False,,,,,,,,,,,32000.00,,,,,32000.00,100.00,,,,,,,1,1,,DODGE,BRAUN,2011,,1,,,,,86126,9/1/2018 12:00:00 AM,,,,,,,,,,,,,8,,,False,False,,,,,2049
104,115,3738,1,CMAX,1FADP5AU0DL535142,1435278,,,False,,,,,,,,,,,28000.00,,,,,28000.00,100.00,,,,,,,1,1,,FORD,CMAX,2013,,1,,,,,33412,9/1/2018 12:00:00 AM,,,,,,,,,,,,,8,,,False,False,,,,,2049
105,116,3738,1,Civic Hybrid,JHMES96605SO14801,1212855,,,False,,,,,,,,,,,22000.00,,,,,22000.00,100.00,,,,,,,1,1,,HONDA,CIVIC,2005,,1,,,,,161361,9/1/2018 12:00:00 AM,,,,,,,,,,,,,8,,,False,False,,,,,2049
106,117,3733,1,Mechanic's Pickup Truck,1FTBF2A65BEC95737,,906,,False,,,,,,,,,1,,,,,,,,,,,,,,,1,2,,Ford,F-150,2018,,1,2,5.0,11/18/2019 12:00:00 AM,1,,,,,,,Ford,,,,,,,,14,1,,False,,,,,,2924
107,118,3727,1,CNG Service Truck,1FDUF4GY0EEB67418,1332152,#186,,False,,,,,,,,,1,75000.00,75000.00,,,,,75000.00,100.00,,,,100.00,,,1,2,,Ford,F-450,2014,,1,,3.5,11/19/2019 12:00:00 AM,2,59103,8/1/2019 12:00:00 AM,,,,,,,,,,,,,14,5,,False,False,,,,,2117
108,119,3727,1,CNG Service Truck,1FDUF4GY12EEB67419,1332151,#187,,False,,,,,,,,,1,75000.00,75000.00,,,,,75000.00,100.00,,,,100.00,,,1,2,,Ford,F-450,2014,,1,,3.5,11/19/2019 12:00:00 AM,2,97754,8/1/2019 12:00:00 AM,,,,,,,,,,,,,14,5,,False,False,,,,,2117
109,120,3727,1,Big Tex Trailer,16VNX1620J2006889,1317318, ,,False,,,,,,,,,1,5500.00,5500.00,,,,,5500.00,100.00,,,,100.00,,,1,2,Trailer,"Big Tex Trailer Manufacturing, Inc.",,2018,,1,,4.5,11/19/2019 12:00:00 AM,1,,,,,,,,,,,,,,,14,,,False,False,,,,,2117
110,121,3728,1,M027,JA4AS2AWXAZ016937,,M00027,,False,,,,,,,,,1,,20980.00,,,,,,,,,,,100.00,,1,1,,Mitsubishi,Outlander,2010,,1,1,4.0,2/28/2019 12:00:00 AM,2,,,,,,,,,,,2700 M St ,Bakersfield CA 93301,CA,,8,,,False,False,,,,,2664
111,122,3744,1,R342,1FMCU49H48KC65310,E1297336,R342,,False,,,,,,,,,1,,,,,,,,,,,,,,,1,1,,Ford,Escape Hybrid,2008,,1,,,,,,,,,,,,,,,,,,,8,11,,False,,,,,,2908
112,123,3749,1,Suburban Staff Car,1GNFK16T04J202937,5JOP127,101,,False,,,,,,,,,1,,,,,,,,,,,,,,,1,2,,Chevrolet,Suburban 4x4,2004,,1,2,3.0,4/24/2019 12:00:00 AM,4,137009,11/6/2019 12:00:00 AM,2020,2,,,,,11/6/2019 12:00:00 AM,,11400 American Legion Dr.,JACKSON,CA,5/1/2004 12:00:00 AM,14,15,,False,False,,,,,2299
113,124,3749,1,Service Truck, 1FDUF4HT2FEA23793 ,1448821,102,,True,,,,,,,,,1,,99938.00,99938.00,100.00,,,,,,,,,,,1,2,,Ford,F450,2015,,1,1,4.6,11/22/2019 12:00:00 AM,2,19843,11/7/2019 12:00:00 AM,,,,,,,11/7/2019 12:00:00 AM,,11400 American Legion Dr.,JACKSON,CA,5/15/2015 12:00:00 AM,14,4,,False,False,,,,,2299
114,125,3749,1,Facilities Pick Up Truck,1FTYR14U8WPB59103,1356264,103,,False,,,,,,,,,1,,,,,,,,,,,,,,,1,2,,Ford,Ranger,1998,,1,2,3.0,11/22/2019 12:00:00 AM,4,100938,10/31/2019 12:00:00 AM,,,,,,,10/21/2019 12:00:00 AM,,11400 American Legion Dr.,JACKSON,CA,4/15/2015 12:00:00 AM,14,21,,False,False,,,,,2299
115,126,3787,1,20,1FMCU96DXHUA95083,,,,True,27,,,,,,,,,,,,,,,,,,,,,,,1,2,,Ford,Escape,2017,,1,1,5.0,,1,,,,,,,,,,,,,,,14,,,False,,,,,,2148
116,130,3786,1,VEHICLE 1009,1FAFP52U41G207511,,1009,,False,,,,,,,,,,,,,,,,,,,,,,,,1,1,,Ford,Taurus,2001,,1,,,,,,,,,,,,,,,,,,,8,,,False,False,,,,,2935
117,131,3786,1,VEHICLE 1189,1FAFP53U31G164021,,1189,,False,,,,,,,,,,,,,,,,,,,,,,,,1,1,,FORD,TAURUS,2001,,1,,,,,,,,,,,,,,,,,,,8,,,False,False,,,,,2935
118,132,3786,1,VEHICLE 3002,36703,,3002,,False,,,,,,,,,,,,,,,,,,,,,,,,1,2,,CHEV,4X4 1 TON FLATBEED,1988,,1,,,,,,,,,,,,,,,,,,,14,,,False,False,,,,,2935
119,133,3786,1,VEHICLE 1174,1FAFP53U6XG187527,,1174,,False,,,,,,,,,,,,,,,,,,,,,,,,1,1,,FORD,TAURUS,1999,,2,,,,,,,,,,,,,,,,,,,8,,,False,False,,,,,2935
120,134,3786,1,VEHICLE 3004,1FMEVT3E87UA82889,,3004,,False,,,,,,,,,,,,,,,,,,,,,,,,1,1,,FORD,EXPLORER,2007,,1,,,,,,,,,,,,,,,,,,,8,,,False,False,,,,,2935
121,135,3786,1,VEHICLE 4034,2FTHF26H1RCA35291,,4034,,False,,,,,,,,,,,,,,,,,,,,,,,,1,1,,FORD,F250,1994,,1,,,,,,,,,,,,,,,,,,,8,,,False,False,,,,,2935
122,136,3786,1,VEHICLE 1025,FAFP53U65A232885,,1025,,False,,,,,,,,,,,,,,,,,,,,,,,,1,1,,FORD,TAURUS,2004,,1,,4.0,5/1/2019 12:00:00 AM,2,,,,,,,,,,,,,,,8,,,False,False,,,,,2935
123,137,3786,2,COMMUNICATION - RADIOS,,,RADIOS,,False,,,,,,,,,,,,,,,,,,,,,,,,3,6,,MOTOROLA,,2011,,1,,,,,,,,,,,,,,,,,,,,,,False,False,,,,,2935
124,138,3786,2,FAREBOX EQUIPMENT,,,FAREBOS,,False,,,,,,,,,,,,,,,,,,,,,,,,2,4,,ODYSSEY,,2010,,1,,4.0,,2,,,,,,,,,,,,,,,,,,False,False,,,,,2935
125,139,3786,2,COMPUTERS,,,COMPUTERS,,False,,,,,,,,,,,,,,,,,,,,,,,,3,7,,DELL,,2014,,1,,5.0,,1,,,,,,,,,,,,,,,,,,False,False,,,,,2935
126,140,3786,2,SECURITY,,,SECURITY,,False,,,,,,,,,,,,,,,,,,,,,,,,3,8,,APOLLO VIDEO,,2015,,1,,4.0,,2,,,,,,,,,,,,,,,,,,False,False,,,,,2935
127,147,3743,2,Fare Boxes,,,,,False,,,,,,,,,4,,5505.00,,,,,,,,,,,,,2,4,,Diamond XV Farebox,Diamond,2018,,1,,,,,,,,,,,,,,,,,,7/1/2018 12:00:00 AM,,,7/1/2023 12:00:00 AM,False,False,,,,,2941
128,148,3743,2,Security Cameras,,,,,False,,,,,,,,,16,,26245.00,,,,,,,,,,,,,4,16,,Ni815 Camera,Ni815,2018,,1,,,,,,,,,,,,,,,,,,7/1/2018 12:00:00 AM,,,7/1/2023 12:00:00 AM,False,False,,,,,2941
129,149,4153,1,Service Truck ,1FDRF3G6XGEB97057,1492973,Truck,,False,,0,PTMISEA ,,,,,,1,,,,,,,,,,,,,,,1,2,,Ford,,2016,,1,,,,,588,11/20/2019 12:00:00 AM,,,,,,,,,,,,,14,,,False,,,,,,2352
130,150,3739,1,2008 Dodge Durango-Crestline,1D8HB38N98F145207,1202882,55,,False,,,,,,,,,1,23486.00,23486.00,,,,,,,,,,,,,1,1,,Dodge,Durango 4X4,2008,,1,,,,,82499,6/30/2019 12:00:00 AM,,,,,Hobblitt Dodge,4/28/2008 12:00:00 AM,,,621 Forest Shade Road,Crestline,CA,4/28/2008 12:00:00 AM,8,11,,False,False,,,,,2047
131,151,3739,1,2009 Chevrolet Silverado-Crestline,,,,,False,,,,,,,,,2,21870.00,43740.00,,,,,,,,,,,,,1,2,,Chevrolet,Silverado 4X4 Pickup Truck,2009,,1,,,,,,,,,,,Coalinga Motors,8/27/2009 12:00:00 AM,,,621 Forest Shade Road,Crestline,CA,9/17/2009 12:00:00 AM,14,,,False,False,,,,,2047
132,152,3739,1,2016 Chevrolet Silverado-BBL,1GCVKNEC7GZ390794,1519060,58,,False,,,,,,,,,1,26701.00,26701.00,,,,,,,,,,,,,1,2,,Chevrolet,Silverado,2016,,1,,,,,23686,6/30/2019 12:00:00 AM,,,5897,,Coalinga Motors,9/2/2016 12:00:00 AM,,,41939 Fox Farm Road,Big Bear Lake,CA,9/2/2016 12:00:00 AM,14,3,,False,False,,,,,2047
133,153,3739,1,2016 Chevrolet Silverado-Crestline,1GCVKNECXGZ390708,1519061,59,,False,,,,,,,,,1,26701.00,26701.00,,,,,,,,,,,,,1,2,,Chevrolet,Silverado,2016,,1,,,,,24101,6/30/2019 12:00:00 AM,,,5896,,Coalinga Motors,9/2/2016 12:00:00 AM,,,621 Forest Shade Road,Crestline,CA,9/2/2016 12:00:00 AM,14,3,,False,False,,,,,2047
134,154,3739,1,2018 Ford Explorer-Crestline,1FM5K8BH9JGA73373,1543654,60,,False,,,,,,,,,1,34521.00,34521.00,,,,,,,,,,,,,1,1,,Ford,Explorer,2018,,1,,,,,25052,6/30/2019 12:00:00 AM,,,,,Elk Grove Ford,2/7/2018 12:00:00 AM,,,621 Forest Shade Road,Crestline,CA,2/8/2018 12:00:00 AM,8,1,,False,False,,,,,2047
135,155,3739,1,2018 Ford Explorer-BBL,1FM5K8BH0JGA73374,1543655,61,,False,,,,,,,,,1,34521.00,34521.00,,,,,,,,,,,,,1,1,,Ford,Explorer,2018,,1,,,,,11722,6/30/2019 12:00:00 AM,,,,,Elk Grove Ford,2/7/2018 12:00:00 AM,,,41939 Fox Farm Road,Big Bear Lake,CA,2/8/2018 12:00:00 AM,8,1,,False,False,,,,,2047
136,156,3742,1,2010 Dodge Caravan,,,"1001S, 1003, 1004,1005, 1007",,False,,,,,,,,,5,,,,,,,,,,,,100.00,,,1,1,,Chrysler Corp,Grand Caravan,2010,,1,,,,2,282821,11/20/2019 12:00:00 AM,,,,,,,,,,,,2/26/2011 12:00:00 AM,8,9,,False,,,,,,2313
137,157,3742,1,2005 Ford Escape,,,"903, 904",,False,,,,,,,,,2,28605.00,,,,,,,,,,,100.00,,,1,2,,Ford,Escape,2005,,1,,,,2,,,,,,,,,,,,,,1/1/2005 12:00:00 AM,14,,,False,,,,,,2313
138,158,3742,1,2007 Ford F-150,1FTVX12517KD42166,1285309,908,,False,,,,,,,,,1,,,,,,,,,,,,100.00,,,1,2,,Ford Motor Co.,F-150,2007,,1,,,,2,146075,11/19/2019 12:00:00 AM,,,,,,,,,,,,11/12/2007 12:00:00 AM,14,12,,False,,,,,,2313
139,159,3742,1,2008 Ford Escape,,,"909, 910",,False,,,,,,,,,2,,,,,,,,,,,,100.00,,,1,2,,Ford Motor Co.,Escape,2008,,1,,,,2,,,,,,,,,,,,,,3/5/2008 12:00:00 AM,14,,,False,,,,,,2313
140,160,3742,1,2011 Ford Flex,2FMHK6CC9BBD32831,1370784,912,,False,,,,,,,,,1,,,,,,,,,,,,100.00,,,1,2,,Ford Motor Co.,Flex,2011,,1,,,,2,148054,11/11/2019 12:00:00 AM,,,,,,,,,,,,5/1/2011 12:00:00 AM,14,8,,False,,,,,,2313
141,161,3742,1,2011 Honda Civic,,,"915, 916, 917, 918",,False,,,,,,,,,4,26788.00,,,,,,,,,,,100.00,,,1,1,,Honda,Civic,2011,,1,,,,2,,,,,,,,,,,,,,6/3/2011 12:00:00 AM,8,,,False,,,,,,2313
142,162,3742,1,2012 Ford Escape,,,"913, 914",,False,,,,,,,,,2,33635.00,,,,,,,,,,,100.00,,,1,2,,Ford Motor Co.,Escape,2012,,1,,,,2,,,,,,,,,,,,,,7/22/2011 12:00:00 AM,14,,,False,,,,,,2313
143,163,3742,1,2012 Ford Flex,2FMHK6CC9CBD11690,1368899,919,,False,,,,,,,,,1,33785.00,,,,,,,,,,,100.00,,,1,2,,Ford Motor Co.,Flex,2012,,1,,,,2,174254,11/18/2019 12:00:00 AM,,,,,,,,,,,,12/8/2011 12:00:00 AM,14,7,,False,,,,,,2313
144,164,3742,1,2013 Honda Civic,,,"920, 921, 922",,False,,,,,,,,,3,27535.00,,,,,,,,,,,100.00,,,1,1,,Honda,Civic,2013,,1,,,,2,,,,,,,,,,,,,,12/5/2013 12:00:00 AM,8,,,False,,,,,,2313
145,165,3742,1,2014 Ford F-150,1FTEX1CM8EKD6224,1393463,923,,False,,,,,,,,,1,21053.00,,,,,,,,,,,100.00,,,1,2,,Ford Motor Co.,F-150,2014,,1,,,,2,73813,11/18/2019 12:00:00 AM,,,,,,,,,,,,3/1/2014 12:00:00 AM,14,5,,False,,,,,,2313
146,166,3742,1,2016 Ford Flex,2FMHK6DT7GBA14275,1491273,925,,False,,,,,,,,,1,41512.00,,,,,,,,,,,100.00,,,1,2,,Ford Motor Co.,Flex,2016,,1,,,,2,75745,11/17/2019 12:00:00 AM,,,,,,,,,,,,8/4/2016 12:00:00 AM,14,3,,False,,,,,,2313
147,167,3742,1,2016 Ford Focus,,,"926, 927",,False,,,,,,,,,2,32010.00,,,,,,,,,,,100.00,,,1,1,,Ford Motor Co.,Focus,2016,,1,,,,2,,,,,,,,,,,,,,9/26/2016 12:00:00 AM,8,,,False,,,,,,2313
148,168,3742,1,2016 Nissan Leaf,,,"928, 929",,False,,,,,,,,,2,27818.00,,,,,,,,,,,100.00,,,1,1,,Nissan,Leaf,2016,,1,,,,2,,,,,,,,,,,,,,11/23/2016 12:00:00 AM,8,,,False,,,,,,2313
149,169,3742,1,2017 Nissan Leaf,,,"930, 931",,False,,,,,,,,,2,27818.00,,,,,,,,,,,100.00,,,1,1,,Nissan,Leaf,2017,,1,,,,2,,,,,,,,,,,,,,,8,,1/11/2017 12:00:00 AM,False,,,,,,2313
150,170,3742,1,2018 Ford Explorer,,,"932, 933, 934, 935",,False,,,,,,,,,4,35291.00,,,,,,,,,,,100.00,,,1,2,,Ford Motor Co.,Explorer,2018,,1,,,,2,,,,,,,,,,,,,,3/23/2018 12:00:00 AM,14,,,False,,,,,,2313
151,171,3742,1,2014 Polaris GEM,52CG4SGA2E0010365,1438461,924,,False,,,,,,,,,1,14811.00,,,,,,,,,,,100.00,,,1,1,,Polaris,Gem,2014,,1,,,,2,103,10/13/2019 12:00:00 AM,,,,,,,,,,,,4/16/2014 12:00:00 AM,8,,,False,,,,,,2313
152,172,3705,1,RS16-1,2C7WDGBG1FR703531,1473815,RS16-1,,True,26,,,,,,,,,,,,,,,,,,,,,,,1,2,,Dodge,,2016,,1,,,,,,,,,,,,,,,,,,,14,,,True,True,,,,,2686
153,173,3757,1,MV1 IVT,1FTYR10D12PA78749,1525377,IVT MV1,,False,,,,,,,,,,,,,,,,,,,,,,,,1,1,,MV1,,2017,,1,1,4.0,,2,,,,,,,,,,,,,,,8,,,False,,,,,,2315
154,174,3757,1,MV1 Access,57WMD2C62GM100102,1525375,Access MV1,,False,,,,,,,,,,,,,,,,,,,,,,,,1,1,,MV1,,2017,,1,1,4.0,,2,,,,,,,,,,,,,,,8,,,False,,,,,,2315
155,175,3757,1,MV1 Ride,57WMD2A67EM102069,1473627,Ride MV1,,False,,,,,,,,,,,,,,,,,,,,,,,,1,1,,MV1,,2015,,1,,,,,,,,,,,,,,,,,,,8,,,False,,,,,,2315
156,176,3757,1,MV1 Medtrans,57WMD2A62EM101962,1474523,Medtrans MV1,,False,,,,,,,,,,,,,,,,,,,,,,,,1,1,,MV1,,2016,,1,,,,,,,,,,,,,,,,,,,8,,,False,,,,,,2315
157,177,3663,1,815,1GCUYEED0KZ142219,,815,,False,,,,,,,,,,,,,,,,,,,,,,,,1,2,,CHEVY,SILVERADO,2019,,1,,5.0,1/28/2020 12:00:00 AM,1,5132,1/28/2020 12:00:00 AM,,,,,,,,,,,,8/6/2019 12:00:00 AM,14,1,,False,False,,,,,1700
